Time,Temperature (°F),,,Dew Point (°F),,,Humidity (%),,,Wind Speed (mph),,,Pressure (in),,,Precipitation (in),,,,,,,,,,,,,,,,,,
Date,Max,Avg,Min,Max,Avg,Min,Max,Avg,Min,Max,Avg,Min,Max,Avg,Min,Total,,,,,,,,,,,,,,,,,,
9/1/2020,84,66.8,50,44,41.3,39,69,42.6,21,15,5.8,0,27.2,27.1,27.1,0,,,,,,,,,,,,,,,,,,
9/2/2020,95,76.3,60,48,41.9,34,57,32.8,12,12,6,0,27.1,27.1,27,0,,,,,,,,,,,,,,,,,,
9/3/2020,95,77.4,60,45,40.5,36,44,28.3,15,14,6.4,0,27.2,27.1,27,0,,,,,,,,,,,,,,,,,,
9/4/2020,100,82.2,63,45,37.9,27,43,23.3,8,13,7.2,0,27.1,27.1,27,0,,,,,,,,,,,,,,,,,,
9/5/2020,100,82.6,66,48,38.2,31,37,22.1,11,13,7.2,0,27.1,27.1,27,0,,,,,,,,,,,,,,,,,,
9/6/2020,92,76.8,62,50,32.7,18,50,23.6,7,12,5.3,0,27.2,27.1,27.1,0,,,,,,,,,,,,,,,,,,
9/7/2020,88,71,57,43,31.3,20,31,23.4,16,36,16.8,3,27.1,27,26.9,0,,,,,,,,,,,,,,,,,,
9/8/2020,69,58.2,48,26,21.2,16,36,25.1,13,18,8.3,0,27.3,27.2,27.1,0,,,,,,,,,,,,,,,,,,
9/9/2020,77,62.3,47,26,19.2,12,39,21.7,8,15,7,0,27.2,27.2,27.1,0,,,,,,,,,,,,,,,,,,
9/10/2020,84,68.3,50,32,23,18,35,20.2,9,13,6.6,0,27.2,27.1,27.1,0,,,,,,,,,,,,,,,,,,
9/11/2020,87,69.5,54,38,30.4,26,38,25.4,11,10,5.9,0,27.1,27.1,27,0,,,,,,,,,,,,,,,,,,
9/12/2020,83,68.6,58,44,32.8,27,48,28.4,14,13,5.8,0,27.1,27,27,0,,,,,,,,,,,,,,,,,,
9/13/2020,88,70.6,55,43,35.4,29,43,28.5,16,13,5.3,0,27.1,27,26.9,0,,,,,,,,,,,,,,,,,,
9/14/2020,87,72,56,42,34,25,49,26.1,16,14,5,0,27.1,27,27,0,,,,,,,,,,,,,,,,,,
9/15/2020,85,70.5,57,42,33,27,47,26.9,14,10,5,0,27.2,27.1,27.1,0,,,,,,,,,,,,,,,,,,
9/16/2020,83,69.1,56,46,36.9,30,57,31.9,17,12,5.4,0,27.2,27.1,27,0,,,,,,,,,,,,,,,,,,
9/17/2020,87,70.3,56,46,37.6,30,59,32.6,17,12,5.8,0,27.1,27,26.9,0,,,,,,,,,,,,,,,,,,
9/18/2020,76,67.2,63,53,42.8,32,65,42.5,27,30,11.5,0,27,26.9,26.9,0,,,,,,,,,,,,,,,,,,
9/19/2020,73,63.8,55,49,44.3,38,77,51.5,29,13,6.2,0,27.1,27,26.9,0,,,,,,,,,,,,,,,,,,
9/20/2020,80,64,50,41,39.3,36,71,43.7,22,10,5.3,0,27.1,27.1,27,0,,,,,,,,,,,,,,,,,,
9/21/2020,89,71,57,41,32.1,21,47,28.3,9,16,9.2,0,27.1,27,26.9,0,,,,,,,,,,,,,,,,,,
9/22/2020,81,68.9,56,40,33.1,25,37,27.3,18,15,6.7,0,27,27,26.9,0,,,,,,,,,,,,,,,,,,
9/23/2020,84,72.4,61,37,32.4,27,39,25.2,13,13,8.8,0,27.1,27,26.9,0,,,,,,,,,,,,,,,,,,
9/24/2020,73,66,58,45,38.5,29,60,37.4,22,20,9.6,3,27,27,26.9,0,,,,,,,,,,,,,,,,,,
9/25/2020,75,62.7,51,53,41.3,37,78,48.5,27,9,5,0,27,27,26.9,0,,,,,,,,,,,,,,,,,,
9/26/2020,67,60,54,55,46.2,39,90,63.4,37,14,8,0,27.2,27.1,27,0.03,,,,,,,,,,,,,,,,,,
9/27/2020,69,55.9,43,41,37.8,34,80,54.4,28,20,7.8,0,27.4,27.3,27.2,0,,,,,,,,,,,,,,,,,,
9/28/2020,73,59.9,46,39,35,31,68,42.4,23,14,5.3,0,27.4,27.4,27.3,0,,,,,,,,,,,,,,,,,,
9/29/2020,80,63.5,49,41,37.4,36,61,41.1,20,8,4.5,0,27.3,27.3,27.2,0,,,,,,,,,,,,,,,,,,
9/30/2020,81,64.2,51,44,38.1,35,56,40.4,21,12,6.5,0,27.3,27.2,27.2,0,,,,,,,,,,,,,,,,,,
10/1/2020,81,66.8,55,40,36.2,33,49,34.3,18,13,5.8,0,27.3,27.2,27.2,0,,,,,,,,,,,,,,,,,,
10/2/2020,83,66.3,52,44,36.3,33,49,34.8,19,9,5.1,0,27.2,27.2,27.1,0,,,,,,,,,,,,,,,,,,
10/3/2020,82,66.8,53,42,34.7,32,47,32.3,18,12,5.3,0,27.2,27.1,27.1,0,,,,,,,,,,,,,,,,,,
10/4/2020,81,67.3,50,39,34.4,30,61,32,18,10,6,0,27.1,27.1,27,0,,,,,,,,,,,,,,,,,,
10/5/2020,80,63.2,49,37,32.3,27,59,34.3,15,10,5.6,0,27.2,27.2,27.1,0,,,,,,,,,,,,,,,,,,
10/6/2020,82,65.6,53,38,33.5,31,45,32.1,18,13,6.3,0,27.2,27.1,27.1,0,,,,,,,,,,,,,,,,,,
10/7/2020,80,65.5,52,39,34.5,29,52,33.6,17,10,4.6,0,27.1,27,26.9,0,,,,,,,,,,,,,,,,,,
10/8/2020,79,66.7,51,35,28.9,25,50,26.2,15,12,6.1,0,27,26.9,26.9,0,,,,,,,,,,,,,,,,,,
10/9/2020,78,62.1,49,31,25.3,22,36,25.5,16,12,5.3,0,27,26.9,26.9,0,,,,,,,,,,,,,,,,,,
10/10/2020,64,55.4,49,52,35.1,20,94,55.8,18,25,9.9,0,26.9,26.9,26.8,0,,,,,,,,,,,,,,,,,,
10/11/2020,58,50.8,42,45,37.3,33,89,62.1,40,13,6.2,0,27.2,27.1,26.9,0.38,,,,,,,,,,,,,,,,,,
10/12/2020,70,59,52,43,38.1,33,66,46.8,32,14,8.6,0,27.1,27.1,27.1,0,,,,,,,,,,,,,,,,,,
10/13/2020,66,57.1,49,51,42.9,39,70,59.8,45,14,9,5,27.1,27.1,27,0,,,,,,,,,,,,,,,,,,
10/14/2020,59,52.4,43,44,33.4,25,76,50.8,28,18,9.5,0,27.4,27.3,27.1,0,,,,,,,,,,,,,,,,,,
10/15/2020,58,46.5,36,37,30.8,26,83,57.7,30,13,5.2,0,27.5,27.4,27.4,0,,,,,,,,,,,,,,,,,,
10/16/2020,69,52.3,39,35,29.3,25,68,45.3,21,8,3.5,0,27.4,27.2,27,0,,,,,,,,,,,,,,,,,,
10/17/2020,69,56.8,46,43,37.9,33,66,50.8,32,14,6,0,27.1,27.1,27,0,,,,,,,,,,,,,,,,,,
10/18/2020,70,57,44,42,37.3,29,71,49.9,28,9,4.6,0,27.1,27.1,27,0,,,,,,,,,,,,,,,,,,
10/19/2020,67,56,47,43,39.1,34,80,55.9,32,12,4.3,0,27.1,27.1,27,0,,,,,,,,,,,,,,,,,,
10/20/2020,61,53.8,48,41,38,35,71,56,42,12,5.8,0,27.1,27.1,27,0,,,,,,,,,,,,,,,,,,
10/21/2020,62,53.3,43,41,33.2,18,74,49.1,29,22,9.9,0,27,27,26.9,0,,,,,,,,,,,,,,,,,,
10/22/2020,52,40.9,31,27,20.9,11,82,49.4,20,21,10,3,27.3,27.2,27.1,0,,,,,,,,,,,,,,,,,,
10/23/2020,55,44,32,18,11.8,3,54,31.3,12,18,9.9,0,27.3,27.1,26.9,0,,,,,,,,,,,,,,,,,,
10/24/2020,53,46.5,32,43,27.8,11,89,51.8,19,22,13.4,6,27,26.9,26.8,0,,,,,,,,,,,,,,,,,,
10/25/2020,44,33,25,20,12.6,5,72,47.3,20,20,11.2,0,27.3,27.2,27.1,0.03,,,,,,,,,,,,,,,,,,
10/26/2020,44,31.4,17,13,9.3,2,71,43.8,18,14,5,0,27.4,27.3,27.3,0,,,,,,,,,,,,,,,,,,
10/27/2020,58,40.9,27,29,19.8,11,65,44.2,31,14,4,0,27.3,27.3,27.2,0,,,,,,,,,,,,,,,,,,
10/28/2020,63,47,35,30,27.6,26,73,50.8,25,9,4.8,0,27.3,27.2,27.2,0,,,,,,,,,,,,,,,,,,
10/29/2020,69,57.2,46,32,29.5,27,48,36.2,22,6,3,0,27.2,27.1,27.1,0,,,,,,,,,,,,,,,,,,
10/30/2020,73,54,39,31,25.9,16,63,38.6,11,14,6,0,27.1,27,26.9,0,,,,,,,,,,,,,,,,,,
10/31/2020,57,45,33,33,29.2,26,82,56.2,33,9,4.1,0,27.4,27.3,27.1,0,,,,,,,,,,,,,,,,,,
11/1/2020,55,48.3,41,49,43.5,37,97,84.1,62,14,5.9,0,27.2,27.1,27,0,,,,,,,,,,,,,,,,,,
11/2/2020,60,51.7,47,48,45.6,42,96,81.1,57,6,3.1,0,27.3,27.2,27.2,0.16,,,,,,,,,,,,,,,,,,
11/3/2020,65,52.3,43,43,41.1,38,90,67.8,40,15,6.9,0,27.3,27.2,27.1,0,,,,,,,,,,,,,,,,,,
11/4/2020,62,55.8,48,48,41.6,38,77,59.5,44,23,11.5,0,27.1,27,26.9,0,,,,,,,,,,,,,,,,,,
11/5/2020,63,53.4,42,38,34.3,25,80,52.3,24,22,11.3,3,27.1,27,27,0.03,,,,,,,,,,,,,,,,,,
11/6/2020,57,51.4,46,41,37.8,34,83,61,44,9,3.1,0,27.1,27,27,0,,,,,,,,,,,,,,,,,,
11/7/2020,50,43.1,35,41,29.7,24,86,61,39,9,4.7,0,27.2,27.2,27.1,0.02,,,,,,,,,,,,,,,,,,
11/8/2020,50,40.3,34,26,23.1,17,64,51.6,31,14,10,0,27.2,27.1,27,0,,,,,,,,,,,,,,,,,,
11/9/2020,50,44.1,37,45,38,26,93,79.9,56,20,8.9,0,27.2,27,26.9,0,,,,,,,,,,,,,,,,,,
11/10/2020,50,41.8,35,36,31.2,26,93,68.6,39,10,4,0,27.3,27.3,27.2,0.41,,,,,,,,,,,,,,,,,,
11/11/2020,49,45,42,42,37.6,28,90,76.4,53,12,5,0,27.4,27.3,27.3,0,,,,,,,,,,,,,,,,,,
11/12/2020,61,48.2,41,48,43.1,39,93,83.2,62,7,3,0,27.4,27.3,27.2,0.01,,,,,,,,,,,,,,,,,,
11/13/2020,61,48.8,43,48,43.4,41,96,83.1,53,10,4.9,0,27.3,27.3,27.2,0.01,,,,,,,,,,,,,,,,,,
11/14/2020,63,52.9,48,45,42.1,41,80,67.5,48,13,8.2,0,27.2,27.2,27.1,0,,,,,,,,,,,,,,,,,,
11/15/2020,60,54.3,46,40,38.4,35,79,55.8,39,15,9.7,0,27.1,27,26.9,0,,,,,,,,,,,,,,,,,,
11/16/2020,53,41.1,29,40,23.3,13,72,50.5,28,24,13.8,0,27.3,27.2,27,0,,,,,,,,,,,,,,,,,,
11/17/2020,43,33,23,23,18.7,16,81,58.3,37,14,6.6,0,27.4,27.4,27.3,0,,,,,,,,,,,,,,,,,,
11/18/2020,46,39.1,32,37,22.5,16,82,52.4,35,16,7.3,0,27.3,27.1,27.1,0,,,,,,,,,,,,,,,,,,
11/19/2020,54,45.6,42,44,39.8,37,90,80.4,64,22,9.9,0,27.2,27.1,27,0.13,,,,,,,,,,,,,,,,,,
11/20/2020,47,38.8,33,35,31.8,28,86,76.4,61,10,5.6,0,27.5,27.4,27.2,0.14,,,,,,,,,,,,,,,,,,
11/21/2020,46,37.3,30,33,29.5,26,85,74.3,56,14,7.8,3,27.5,27.5,27.4,0,,,,,,,,,,,,,,,,,,
11/22/2020,50,36.9,29,33,27.7,25,89,71.1,46,14,2.8,0,27.4,27.2,27,0,,,,,,,,,,,,,,,,,,
11/23/2020,43,34.7,27,36,29.6,23,92,81.7,70,12,6.1,0,27.2,27,26.9,0,,,,,,,,,,,,,,,,,,
11/24/2020,43,34.3,29,28,25.8,23,85,72,51,10,4.7,0,27.5,27.4,27.2,0.08,,,,,,,,,,,,,,,,,,
11/25/2020,48,37,26,29,24.6,22,84,63,36,13,6.9,0,27.5,27.5,27.4,0,,,,,,,,,,,,,,,,,,
11/26/2020,43,37.6,32,31,28.7,27,82,70.5,60,9,3.4,0,27.4,27.3,27.3,0,,,,,,,,,,,,,,,,,,
11/27/2020,50,39.6,33,35,32.1,29,89,75.5,56,9,2.1,0,27.3,27.3,27.2,0,,,,,,,,,,,,,,,,,,
11/28/2020,55,40.7,33,38,33.7,29,89,77.4,53,7,2.3,0,27.4,27.3,27.3,0,,,,,,,,,,,,,,,,,,
11/29/2020,53,38.9,32,39,33.4,29,96,81.8,59,15,2.7,0,27.4,27.3,27.2,0,,,,,,,,,,,,,,,,,,
11/30/2020,50,40,33,37,33.4,29,89,78.1,56,13,4.1,0,27.4,27.3,27.3,0,,,,,,,,,,,,,,,,,,
12/1/2020,40,26.1,21,26,22.1,18,100,86.3,55,10,3.2,0,27.5,27.4,27.4,0,,,,,,,,,,,,,,,,,,
12/2/2020,45,32.1,25,24,20,16,82,62.5,39,14,8.5,0,27.5,27.5,27.4,0,,,,,,,,,,,,,,,,,,
12/3/2020,41,29.4,23,19,17.3,15,78,62.1,40,9,4.9,0,27.5,27.4,27.4,0,,,,,,,,,,,,,,,,,,
12/4/2020,39,28.1,21,21,17.6,14,78,66.1,45,8,5.2,0,27.5,27.5,27.4,0,,,,,,,,,,,,,,,,,,
12/5/2020,41,29.1,22,19,17.2,15,81,63.5,35,13,5.1,0,27.5,27.4,27.3,0,,,,,,,,,,,,,,,,,,
12/6/2020,40,28.1,20,23,19.9,17,89,72.8,47,8,2.9,0,27.5,27.4,27.3,0,,,,,,,,,,,,,,,,,,
12/7/2020,45,31.9,24,24,21.3,19,84,66.5,42,13,6.4,0,27.5,27.5,27.5,0,,,,,,,,,,,,,,,,,,
12/8/2020,43,31.2,21,24,21.3,18,92,68.6,43,12,3.8,0,27.5,27.4,27.3,0,,,,,,,,,,,,,,,,,,
12/9/2020,38,28.6,21,24,20.4,16,89,72.4,51,9,4.1,0,27.3,27.2,27.2,0,,,,,,,,,,,,,,,,,,
12/10/2020,41,29.4,20,24,20.7,17,89,71.8,47,10,5.2,0,27.2,27.1,26.9,0,,,,,,,,,,,,,,,,,,
12/11/2020,41,29.6,23,28,21.7,18,89,73.7,45,9,3.9,0,27.1,27,27,0,,,,,,,,,,,,,,,,,,
12/12/2020,37,25.8,18,23,18,15,89,73.8,52,12,5,0,27.3,27.1,27,0,,,,,,,,,,,,,,,,,,
12/13/2020,36,30.6,26,29,23.1,12,100,76,45,22,11.2,0,27.2,27.1,27.1,0,,,,,,,,,,,,,,,,,,
12/14/2020,34,29.1,23,28,26.7,21,96,91.1,75,14,7.2,0,27.3,27.2,27.1,0.05,,,,,,,,,,,,,,,,,,
12/15/2020,37,32.2,26,32,28.2,22,96,85.3,67,16,8.7,0,27.3,27.2,27.2,0,,,,,,,,,,,,,,,,,,
12/16/2020,44,33.6,31,33,32,31,100,94.4,63,18,4.1,0,27.3,27.1,26.9,0.02,,,,,,,,,,,,,,,,,,
12/17/2020,42,38.7,36,38,35.2,31,100,87.9,76,15,7.8,5,27.1,26.9,26.8,0.05,,,,,,,,,,,,,,,,,,
12/18/2020,43,37.4,33,31,28.2,27,85,70.2,53,12,5.8,0,27.3,27.3,27.1,0.07,,,,,,,,,,,,,,,,,,
12/19/2020,49,39.8,33,31,28.2,25,75,63.8,48,16,8.5,0,27.3,27.3,27.2,0,,,,,,,,,,,,,,,,,,
12/20/2020,45,42.6,39,41,37.3,30,93,81.5,62,15,10,3,27.3,27.2,27.2,0.01,,,,,,,,,,,,,,,,,,
12/21/2020,57,49.8,43,43,38.8,32,86,67.4,45,23,13,7,27.2,27,26.8,0.05,,,,,,,,,,,,,,,,,,
12/22/2020,48,37.1,29,34,24.6,19,86,61.4,45,29,15.6,3,27.4,27.1,26.8,0.02,,,,,,,,,,,,,,,,,,
12/23/2020,37,28.5,21,20,17.8,16,85,66,44,10,3.8,0,27.6,27.5,27.4,0,,,,,,,,,,,,,,,,,,
12/24/2020,43,30.5,24,19,16.3,13,71,56.8,38,15,9.3,5,27.5,27.4,27.3,0,,,,,,,,,,,,,,,,,,
12/25/2020,43,31.3,23,22,18.8,16,78,61,37,12,5.3,0,27.3,27.1,27,0,,,,,,,,,,,,,,,,,,
12/26/2020,41,34.4,28,37,32.2,23,100,92.2,64,14,5.9,0,27.2,27.1,26.9,0.08,,,,,,,,,,,,,,,,,,
12/27/2020,31,27.4,22,30,26.5,21,100,96.2,89,8,2.8,0,27.2,27.2,27.1,0.2,,,,,,,,,,,,,,,,,,
12/28/2020,30,25.1,21,27,22.9,18,100,91.6,79,9,4.5,0,27.1,27.1,27,0,,,,,,,,,,,,,,,,,,
12/29/2020,27,23.7,21,23,21.3,19,96,90.3,80,9,4.8,0,27.3,27.2,27.1,0,,,,,,,,,,,,,,,,,,
12/30/2020,35,28.2,24,26,22.4,21,91,79.3,59,20,7.9,0,27.3,27.2,27,0,,,,,,,,,,,,,,,,,,
12/31/2020,38,32.2,29,33,29.3,24,100,89.5,76,9,3,0,27.2,27.2,27,0,,,,,,,,,,,,,,,,,,
1/1/2021,43,36.6,31,31,28.7,25,96,74.7,55,16,8.8,0,27.3,27.2,27.1,0.02,,,,,,,,,,,,,,,,,,
1/2/2021,46,38.5,33,33,30.6,26,92,74.1,58,14,8.5,3,27.2,27.1,27.1,0.02,,,,,,,,,,,,,,,,,,
1/3/2021,50,40.6,37,40,35.4,32,93,82.2,61,13,9.3,5,27.1,27.1,27,0.12,,,,,,,,,,,,,,,,,,
1/4/2021,48,41.8,38,38,34.8,29,97,77.4,56,24,13.3,0,27.1,26.9,26.8,0.19,,,,,,,,,,,,,,,,,,
1/5/2021,44,37.6,32,36,28.8,24,96,72.5,47,13,5.4,0,27.3,27.2,27,0.26,,,,,,,,,,,,,,,,,,
1/6/2021,45,37.8,30,32,25.2,22,82,61.4,46,16,10.3,0,27.3,27.2,27.1,0,,,,,,,,,,,,,,,,,,
1/7/2021,43,35.8,33,37,33.9,29,100,93.1,73,12,4.5,0,27.3,27.3,27.1,0.08,,,,,,,,,,,,,,,,,,
1/8/2021,40,32.5,28,34,30.8,26,100,93.7,65,15,6.4,0,27.3,27.2,27.1,0.1,,,,,,,,,,,,,,,,,,
1/9/2021,40,32.5,30,33,30.3,26,100,92.3,68,8,3.9,0,27.4,27.4,27.3,0.04,,,,,,,,,,,,,,,,,,
1/10/2021,39,33,28,26,23.7,22,82,69.3,55,13,9,3,27.4,27.4,27.3,0,,,,,,,,,,,,,,,,,,
1/11/2021,40,31.3,25,24,21.5,18,85,68,51,15,7.1,0,27.4,27.3,27.3,0,,,,,,,,,,,,,,,,,,
1/12/2021,43,36.5,30,38,30,22,86,77.6,64,18,11.3,0,27.3,27.2,27.2,0,,,,,,,,,,,,,,,,,,
1/13/2021,49,43,29,43,33.4,25,93,70.3,41,22,12.5,0,27.5,27.3,27.1,0.16,,,,,,,,,,,,,,,,,,
1/14/2021,47,35.2,28,26,22.3,18,85,61.9,36,8,3.9,0,27.5,27.5,27.5,0.06,,,,,,,,,,,,,,,,,,
1/15/2021,31,30,29,29,28.7,28,96,94.7,92,5,2.7,0,27.4,27.4,27.4,0,,,,,,,,,,,,,,,,,,
1/16/2021,42,29.7,24,33,28,23,100,93.5,70,7,1.9,0,27.4,27.4,27.3,0,,,,,,,,,,,,,,,,,,
1/17/2021,42,34,29,35,30.9,27,96,88.4,73,12,4,0,27.4,27.3,27.3,0,,,,,,,,,,,,,,,,,,
1/18/2021,45,32.1,26,31,27.6,20,100,85.5,47,16,3.9,0,27.3,27.3,27.3,0,,,,,,,,,,,,,,,,,,
1/19/2021,42,30.6,21,22,20,16,89,67.1,38,10,3.8,0,27.5,27.4,27.3,0,,,,,,,,,,,,,,,,,,
1/20/2021,43,32,23,24,18,13,74,57.9,38,10,5.4,0,27.3,27.2,27.1,0,,,,,,,,,,,,,,,,,,
1/21/2021,41,33.5,29,33,28.9,22,100,84.6,51,10,3.2,0,27.1,27,27,0,,,,,,,,,,,,,,,,,,
1/22/2021,38,33.2,32,34,32.4,31,100,97.2,86,9,3.2,0,27,26.9,26.8,0.03,,,,,,,,,,,,,,,,,,
1/23/2021,40,31.3,25,32,26.9,19,100,86,49,21,8.1,0,27,26.9,26.8,0.01,,,,,,,,,,,,,,,,,,
1/24/2021,40,31,24,24,19.4,17,85,63.3,47,16,10.4,6,26.9,26.8,26.7,0,,,,,,,,,,,,,,,,,,
1/25/2021,35,30.3,26,24,21.3,17,85,70.1,52,10,5.8,0,26.8,26.8,26.7,0,,,,,,,,,,,,,,,,,,
1/26/2021,37,29.6,23,24,21.2,17,92,72.6,48,20,7.1,0,26.8,26.8,26.8,0,,,,,,,,,,,,,,,,,,
1/27/2021,46,39.4,32,29,24.3,15,88,56.1,41,30,21.2,13,26.8,26.8,26.7,0,,,,,,,,,,,,,,,,,,
1/28/2021,51,45.2,41,34,29,26,73,54.2,38,25,16,7,26.8,26.8,26.8,0,,,,,,,,,,,,,,,,,,
1/29/2021,39,37,35,37,35.3,31,100,94,76,9,3.1,0,26.9,26.8,26.7,0.01,,,,,,,,,,,,,,,,,,
1/30/2021,48,38.8,32,33,28.4,25,96,68.6,44,14,5.6,0,27.2,27.1,26.9,0.31,,,,,,,,,,,,,,,,,,
1/31/2021,51,42.2,35,27,24.2,23,65,50.2,33,23,14.2,9,27.3,27.2,27.2,0,,,,,,,,,,,,,,,,,,
2/1/2021,54,44,36,28,25.8,24,67,50.8,33,22,12.9,5,27.2,27.1,27,0,,,,,,,,,,,,,,,,,,
2/2/2021,58,47,38,37,30.3,25,86,55.2,32,26,14.3,5,27,26.9,26.9,0,,,,,,,,,,,,,,,,,,
2/3/2021,40,35.4,32,34,30.6,27,93,83.3,60,10,4.4,0,27.2,27,26.9,0.11,,,,,,,,,,,,,,,,,,
2/4/2021,41,32.8,25,31,26.2,23,100,79.1,53,10,3.8,0,27.3,27.3,27.2,0.02,,,,,,,,,,,,,,,,,,
2/5/2021,49,40.8,36,34,29.5,26,83,64.7,46,23,9.3,0,27.2,27.1,27,0,,,,,,,,,,,,,,,,,,
2/6/2021,51,40.6,28,29,24.6,21,85,57,31,16,7.7,0,27.1,27,26.9,0.01,,,,,,,,,,,,,,,,,,
2/7/2021,47,38.5,32,26,21.5,17,73,52.4,30,20,7.6,0,26.9,26.9,26.8,0,,,,,,,,,,,,,,,,,,
2/8/2021,42,32.6,22,22,18.9,16,82,59.2,38,12,4,0,27,26.9,26.9,0,,,,,,,,,,,,,,,,,,
2/9/2021,45,34.7,27,22,19,16,75,55.1,32,8,3.4,0,27,27,27,0,,,,,,,,,,,,,,,,,,
2/10/2021,49,33.5,21,18,15.4,13,72,50.8,28,9,4.4,0,27.1,27,27,0,,,,,,,,,,,,,,,,,,
2/11/2021,37,32.9,28,33,28.6,18,100,84.8,61,6,1.4,0,27.1,27,26.8,0,,,,,,,,,,,,,,,,,,
2/12/2021,32,29.1,27,32,27.9,25,100,95.1,88,10,6,0,26.9,26.9,26.8,0.26,,,,,,,,,,,,,,,,,,
2/13/2021,31,28.1,21,30,26.4,20,100,93.7,85,15,4.6,0,26.9,26.8,26.7,0.34,,,,,,,,,,,,,,,,,,
2/14/2021,33,24.6,14,30,20.8,14,100,85.8,75,16,5.1,0,27,27,26.9,0.38,,,,,,,,,,,,,,,,,,
2/15/2021,38,33.9,32,35,32,31,97,92.5,82,16,10,0,26.9,26.8,26.7,0.07,,,,,,,,,,,,,,,,,,
2/16/2021,40,35.8,33,33,30,26,96,80.2,58,15,7.8,0,27,26.9,26.8,0.26,,,,,,,,,,,,,,,,,,
2/17/2021,38,32.9,27,28,24.5,22,85,71.9,55,16,9.1,0,27.3,27.1,27,0.02,,,,,,,,,,,,,,,,,,
2/18/2021,36,29.6,20,31,21.6,15,96,73.9,48,21,11.4,0,27.4,27.3,27.1,0,,,,,,,,,,,,,,,,,,
2/19/2021,41,35.2,32,34,31.2,29,100,85.7,70,16,11.2,0,27.2,27.1,27,0.07,,,,,,,,,,,,,,,,,,
2/20/2021,41,33.7,30,33,30.4,27,100,88.5,60,16,7.8,0,27.3,27.1,27,0.09,,,,,,,,,,,,,,,,,,
2/21/2021,42,34.9,26,31,27.4,23,92,75.4,51,14,5.7,0,27.5,27.4,27.4,0,,,,,,,,,,,,,,,,,,
2/22/2021,51,42,34,34,31,29,82,66.2,44,14,9.3,5,27.4,27.3,27.1,0,,,,,,,,,,,,,,,,,,
2/23/2021,49,39.4,32,34,22.7,14,79,53.1,35,20,10.1,0,27.3,27.2,27.1,0,,,,,,,,,,,,,,,,,,
2/24/2021,42,33.4,27,27,23.6,20,89,68.9,41,21,10.6,0,27.4,27.3,27.2,0,,,,,,,,,,,,,,,,,,
2/25/2021,39,30.8,24,24,17.5,14,81,59.1,39,20,10.9,3,27.4,27.2,27,0,,,,,,,,,,,,,,,,,,
2/26/2021,41,34,27,30,24.1,19,92,68.3,43,45,14.2,0,27.1,26.9,26.9,0,,,,,,,,,,,,,,,,,,
2/27/2021,40,31.3,27,27,23.6,11,93,75.2,47,21,6.7,0,27.2,27,26.9,0.02,,,,,,,,,,,,,,,,,,
2/28/2021,41,31.3,20,22,16.6,12,75,55.8,40,9,5.4,0,27.4,27.3,27.3,0.01,,,,,,,,,,,,,,,,,,
3/1/2021,51,39.1,28,24,21.9,19,75,52.3,32,24,11.5,0,27.3,27.2,27.1,0,,,,,,,,,,,,,,,,,,
3/2/2021,56,42,31,27,24.5,23,72,51.8,30,12,6.3,0,27.1,27.1,26.9,0,,,,,,,,,,,,,,,,,,
3/3/2021,59,43.8,32,30,24.3,20,73,49.2,23,14,6.7,0,27,26.9,26.9,0,,,,,,,,,,,,,,,,,,
3/4/2021,62,46.4,32,26,23.8,20,73,45.1,20,16,7.6,3,27.2,27.1,26.9,0,,,,,,,,,,,,,,,,,,
3/5/2021,67,54.7,39,27,23.3,21,55,31.1,18,26,19,14,27.2,27.1,26.8,0,,,,,,,,,,,,,,,,,,
3/6/2021,57,46.4,35,40,31.2,24,85,58.9,29,18,7.6,0,27.1,26.9,26.8,0,,,,,,,,,,,,,,,,,,
3/7/2021,56,43.8,34,32,27.6,21,89,57.2,27,14,7.9,0,27.1,27.1,27,0.04,,,,,,,,,,,,,,,,,,
3/8/2021,53,40.4,34,38,31.7,26,86,72.9,37,15,5.3,0,27,26.9,26.9,0,,,,,,,,,,,,,,,,,,
3/9/2021,50,39.5,30,32,23.9,18,88,58.3,30,12,4.5,0,27.1,27,26.9,0.03,,,,,,,,,,,,,,,,,,
3/10/2021,51,39,27,24,19.2,11,78,49.2,20,9,4.2,0,26.9,26.9,26.8,0,,,,,,,,,,,,,,,,,,
3/11/2021,56,40.4,26,24,18.8,12,75,46.7,19,15,4.8,0,27.1,27.1,26.9,0,,,,,,,,,,,,,,,,,,
3/12/2021,54,40.1,27,22,17.9,12,75,44.9,19,14,5.2,0,27.2,27.2,27.1,0,,,,,,,,,,,,,,,,,,
3/13/2021,58,43.2,27,26,20.3,16,66,43.1,24,10,6,0,27.2,27.1,27.1,0,,,,,,,,,,,,,,,,,,
3/14/2021,65,49.6,35,30,24.9,22,65,41.8,19,15,7,0,27.1,27,26.8,0,,,,,,,,,,,,,,,,,,
3/15/2021,62,48.1,37,32,29.6,27,70,50.7,29,18,8.9,0,26.9,26.8,26.7,0,,,,,,,,,,,,,,,,,,
3/16/2021,55,42.6,33,29,27,24,70,55.6,37,15,9,0,27,26.9,26.9,0,,,,,,,,,,,,,,,,,,
3/17/2021,61,47.3,32,33,29.5,28,85,54,30,17,8,0,27.1,27,27,0,,,,,,,,,,,,,,,,,,
3/18/2021,67,54.9,42,31,28.2,25,60,38.8,21,18,12.4,9,27.1,27,26.9,0,,,,,,,,,,,,,,,,,,
3/19/2021,58,52.5,48,44,37.9,29,86,59.5,33,14,7.3,0,27.1,27,26.9,0.02,,,,,,,,,,,,,,,,,,
3/20/2021,52,45.4,37,33,27,17,68,50.6,27,24,11.4,0,27.1,27,27,0.17,,,,,,,,,,,,,,,,,,
3/21/2021,50,41.2,31,26,23.5,20,76,52,32,12,6.2,0,27.2,27.2,27.1,0,,,,,,,,,,,,,,,,,,
3/22/2021,45,37.7,33,37,33.2,23,96,85.1,47,22,7.7,0,27.1,27,26.9,0,,,,,,,,,,,,,,,,,,
3/23/2021,52,39.7,31,33,27.7,22,100,66.9,35,23,14.3,0,27.2,27.1,27,0.44,,,,,,,,,,,,,,,,,,
3/24/2021,47,39,28,35,24,18,83,57.5,33,10,5.3,0,27.2,27,26.8,0,,,,,,,,,,,,,,,,,,
3/25/2021,50,39.1,35,36,33.7,29,97,82.6,44,16,8.9,0,26.8,26.7,26.7,0.15,,,,,,,,,,,,,,,,,,
3/26/2021,54,43.1,33,29,26.5,24,78,54.6,31,18,11.5,0,27.2,27.1,26.9,0.03,,,,,,,,,,,,,,,,,,
3/27/2021,61,47.3,32,32,28.8,26,79,51.7,31,9,5.4,0,27.3,27.3,27.2,0,,,,,,,,,,,,,,,,,,
3/28/2021,75,59,42,30,25.3,16,62,32.3,12,22,10.9,0,27.3,27,26.8,0,,,,,,,,,,,,,,,,,,
3/29/2021,62,43.4,31,30,15.3,11,54,33.8,19,39,19.8,3,27.2,27.1,26.8,0,,,,,,,,,,,,,,,,,,
3/30/2021,48,37.8,30,22,17.8,14,72,47.3,27,14,8,3,27.4,27.3,27.2,0,,,,,,,,,,,,,,,,,,
3/31/2021,59,44.2,30,21,16.6,12,61,37,16,14,9,0,27.5,27.4,27.2,,,,,,,,,,,,,,,,,,,
4/1/2021,74,55.7,36,24,19.2,15,55,27.6,11,25,12.6,0,27.2,27,26.8,0,,,,,,,,,,,,,,,,,,
4/2/2021,73,58.4,42,28,25,22,53,30.6,15,13,8.1,3,27.1,27,26.9,0,,,,,,,,,,,,,,,,,,
4/3/2021,76,61.6,46,30,24.1,15,50,27.3,10,13,6.8,0,27.1,27.1,27,0,,,,,,,,,,,,,,,,,,
4/4/2021,72,60.3,47,31,26.1,23,48,29.1,16,10,5.4,0,27.1,27,26.8,0,,,,,,,,,,,,,,,,,,
4/5/2021,53,45,41,35,29.3,22,73,54.9,37,22,15.8,10,27,26.9,26.9,0,,,,,,,,,,,,,,,,,,
4/6/2021,60,46.7,34,25,22.1,17,56,39.8,24,20,11.9,0,27.1,27,27,0,,,,,,,,,,,,,,,,,,
4/7/2021,71,55.8,42,29,25.6,19,58,35,16,15,7.9,0,27.1,27,26.9,0,,,,,,,,,,,,,,,,,,
4/8/2021,53,48.4,38,30,21.5,10,52,36,23,23,14.2,0,27.2,27.1,26.9,0,,,,,,,,,,,,,,,,,,
4/9/2021,61,45.6,30,18,15.2,13,59,33.1,16,12,4.8,0,27.2,27.1,27,0,,,,,,,,,,,,,,,,,,
4/10/2021,60,48.3,36,23,18.6,12,55,32.7,18,23,12.9,0,27.1,27,26.9,0,,,,,,,,,,,,,,,,,,
4/11/2021,50,40.6,29,17,12.5,8,61,34.9,18,21,13.3,6,27.2,27.1,27.1,0,,,,,,,,,,,,,,,,,,
4/12/2021,55,42.3,27,22,15.8,13,58,36.5,21,9,3.7,0,27.2,27.1,27,0,,,,,,,,,,,,,,,,,,
4/13/2021,56,47.3,35,20,15.2,11,48,28.5,20,14,6.8,0,27.1,27,26.9,0,,,,,,,,,,,,,,,,,,
4/14/2021,57,47.6,38,25,16.9,9,47,31,20,14,6.5,0,27,26.9,26.9,0,,,,,,,,,,,,,,,,,,
4/15/2021,63,52.5,41,30,26.6,23,58,38.7,22,14,7.3,0,27,27,27,0,,,,,,,,,,,,,,,,,,
4/16/2021,62,52.5,42,34,27.7,22,61,40.8,22,17,6.6,0,27.2,27.1,27.1,0,,,,,,,,,,,,,,,,,,
4/17/2021,66,53.7,40,27,21.1,17,51,30.9,16,13,6.8,0,27.3,27.2,27.2,0,,,,,,,,,,,,,,,,,,
4/18/2021,74,58.3,40,27,22.5,16,58,29.8,11,15,7,0,27.2,27.1,27,0,,,,,,,,,,,,,,,,,,
4/19/2021,65,55.5,43,32,24.6,19,52,32.3,18,26,13.5,0,27.1,27.1,27,0,,,,,,,,,,,,,,,,,,
4/20/2021,60,48.6,34,23,15.9,10,42,28,19,13,6.5,0,27.2,27.1,27,0,,,,,,,,,,,,,,,,,,
4/21/2021,65,52.4,38,25,18.2,12,57,29.1,16,14,8.8,3,27.1,26.9,26.8,0,,,,,,,,,,,,,,,,,,
4/22/2021,69,54.3,37,28,23.1,18,52,31.8,17,13,6.2,0,26.9,26.8,26.7,0,,,,,,,,,,,,,,,,,,
4/23/2021,66,54.3,39,33,27,21,68,38.7,19,12,5.3,0,26.9,26.9,26.8,0,,,,,,,,,,,,,,,,,,
4/24/2021,59,52.1,48,47,39,23,86,64.5,27,23,9.2,0,26.8,26.8,26.7,0,,,,,,,,,,,,,,,,,,
4/25/2021,55,47.4,43,45,39.1,32,89,74.1,43,9,4,0,26.8,26.8,26.7,0.69,,,,,,,,,,,,,,,,,,
4/26/2021,46,43.8,40,42,39.8,37,96,85.7,71,14,6.9,0,26.9,26.8,26.7,0.14,,,,,,,,,,,,,,,,,,
4/27/2021,61,47.7,37,40,37.7,35,96,71.3,38,10,3.6,0,27.1,27,26.9,0.32,,,,,,,,,,,,,,,,,,
4/28/2021,70,56.5,42,37,33.6,26,76,46.8,20,16,8.7,0,27.3,27.2,27.1,0,,,,,,,,,,,,,,,,,,
4/29/2021,81,65.2,48,42,36.9,33,63,39,18,9,4.7,0,27.3,27.3,27.2,0,,,,,,,,,,,,,,,,,,
4/30/2021,83,69.3,53,42,37.8,33,64,33.5,17,14,7.3,0,27.2,27.1,26.9,0,,,,,,,,,,,,,,,,,,
5/1/2021,73,59.3,52,51,44.9,39,86,60.8,31,40,11.8,0,26.9,26.9,26.8,0,,,,,,,,,,,,,,,,,,
5/2/2021,64,54.6,46,40,32.5,24,71,46.4,24,24,16.5,8,27,27,26.9,0.03,,,,,,,,,,,,,,,,,,
5/3/2021,67,54.9,40,31,28.5,24,70,40,20,10,5.3,0,27.1,27.1,27,0,,,,,,,,,,,,,,,,,,
5/4/2021,69,57.7,43,37,32.4,28,68,40.8,22,18,8,0,27.1,27.1,27,0,,,,,,,,,,,,,,,,,,
5/5/2021,76,60.7,43,34,25.8,10,65,33.4,8,14,7,0,27.2,27.1,27,0,,,,,,,,,,,,,,,,,,
5/6/2021,90,72.3,54,39,29.4,21,39,23.2,10,22,12.6,0,27.1,26.9,26.8,0,,,,,,,,,,,,,,,,,,
5/7/2021,69,58.6,49,45,30.3,19,49,35.4,19,28,16.5,8,27.1,27,26.9,0,,,,,,,,,,,,,,,,,,
5/8/2021,59,49.1,38,25,20.2,13,60,34.5,17,17,10.5,0,27.3,27.2,27.1,0,,,,,,,,,,,,,,,,,,
5/9/2021,62,50.6,37,28,24.1,19,62,37.9,23,17,8.9,0,27.2,27.1,27,0,,,,,,,,,,,,,,,,,,
5/10/2021,66,53.3,39,31,25.3,18,68,38.2,17,23,8.7,0,27.1,27.1,27,0,,,,,,,,,,,,,,,,,,
5/11/2021,69,56.8,41,30,24.7,15,60,32.5,13,13,6.6,0,27.2,27.1,27.1,0,,,,,,,,,,,,,,,,,,
5/12/2021,80,65.9,46,31,27.7,24,54,27.6,13,13,6.2,0,27.1,27.1,27,0,,,,,,,,,,,,,,,,,,
5/13/2021,81,69,53,39,32.9,26,55,28.6,14,13,5.5,0,27.1,27,27,0,,,,,,,,,,,,,,,,,,
5/14/2021,81,66,54,40,35.3,30,53,34.5,17,17,6.7,0,27,27,26.9,0,,,,,,,,,,,,,,,,,,
5/15/2021,77,64.5,53,40,37.3,35,57,38.4,23,12,4.7,0,26.9,26.9,26.9,0,,,,,,,,,,,,,,,,,,
5/16/2021,85,69.1,51,42,35.5,28,66,33.8,13,16,7.2,3,26.9,26.9,26.8,0,,,,,,,,,,,,,,,,,,
5/17/2021,85,74.4,58,45,36.9,29,53,29.1,13,15,7.5,3,26.9,26.9,26.8,0,,,,,,,,,,,,,,,,,,
5/18/2021,72,65.6,56,40,33.1,26,51,31.6,18,16,11.6,5,27,26.9,26.8,0,,,,,,,,,,,,,,,,,,
5/19/2021,60,52.5,47,38,32.4,28,63,46.9,32,30,13.7,3,26.9,26.9,26.8,0,,,,,,,,,,,,,,,,,,
5/20/2021,63,50.9,40,36,30.8,28,71,48.3,31,23,13.8,7,26.9,26.8,26.8,0,,,,,,,,,,,,,,,,,,
5/21/2021,54,48.6,43,42,36.1,30,74,62.4,50,17,9.3,3,26.9,26.9,26.8,0,,,,,,,,,,,,,,,,,,
5/22/2021,56,48.2,42,45,41.9,36,100,79.9,53,13,6.4,0,27,27,26.9,0.17,,,,,,,,,,,,,,,,,,
5/23/2021,62,48.2,42,45,42.4,39,100,82.9,46,14,4.4,0,27,27,26.9,0.28,,,,,,,,,,,,,,,,,,
5/24/2021,68,57.8,50,46,40.8,36,77,55,36,16,7.7,0,27.1,27.1,27,0,,,,,,,,,,,,,,,,,,
5/25/2021,65,54.4,49,51,46.6,41,90,76.4,46,22,8.3,0,27.1,27.1,27,0,,,,,,,,,,,,,,,,,,
5/26/2021,70,57.8,48,46,41.3,31,89,59,24,9,4,0,27.2,27.1,27.1,0.14,,,,,,,,,,,,,,,,,,
5/27/2021,80,67.8,52,44,37.4,30,69,37.3,17,15,7.8,0,27.1,27,26.9,0,,,,,,,,,,,,,,,,,,
5/28/2021,69,60.6,51,44,30.2,20,57,35.2,15,17,11.8,0,27.2,27.1,27,0,,,,,,,,,,,,,,,,,,
5/29/2021,77,62,47,35,27,16,59,31.1,11,14,7,0,27.1,27.1,27,0,,,,,,,,,,,,,,,,,,
5/30/2021,82,67.3,49,34,29.9,21,54,28.4,11,13,5.7,0,27.1,27.1,27,0,,,,,,,,,,,,,,,,,,
5/31/2021,86,70.6,53,39,33.8,25,55,29.5,12,13,5.4,0,27.1,27.1,27.1,0,,,,,,,,,,,,,,,,,,
6/1/2021,89,75.3,58,42,38.6,29,56,29.9,12,10,5,0,27.1,27.1,27,0,,,,,,,,,,,,,,,,,,
6/2/2021,95,79.3,63,48,45,42,52,32.7,16,14,5.9,0,27,26.9,26.9,0,,,,,,,,,,,,,,,,,,
6/3/2021,102,84.9,65,49,44.4,36,52,27.4,10,20,7.7,0,26.9,26.9,26.8,0,,,,,,,,,,,,,,,,,,
6/4/2021,93,81.4,67,53,47.7,43,61,33.4,18,17,7.3,0,26.9,26.9,26.8,0,,,,,,,,,,,,,,,,,,
6/5/2021,86,74.2,63,47,32.4,24,37,23.6,10,28,13.6,3,26.9,26.9,26.8,0,,,,,,,,,,,,,,,,,,
6/6/2021,76,63,50,36,30.7,22,59,32.7,14,23,9.6,0,27,26.9,26.7,0,,,,,,,,,,,,,,,,,,
6/7/2021,79,64.4,47,36,31.5,24,59,31.8,17,18,7,0,26.9,26.8,26.6,0,,,,,,,,,,,,,,,,,,
6/8/2021,81,66.8,54,39,35.1,30,53,33.3,16,14,8.5,0,26.9,26.8,26.7,0,,,,,,,,,,,,,,,,,,
6/9/2021,78,67.2,56,39,34.8,27,49,32.5,15,26,13.8,0,27,26.9,26.8,0,,,,,,,,,,,,,,,,,,
6/10/2021,63,51.9,45,48,42.5,38,93,73.7,40,29,11.5,0,27.2,27.1,26.9,0.36,,,,,,,,,,,,,,,,,,
6/11/2021,77,64.5,52,38,33.1,26,55,34.9,15,22,12.8,6,27.1,27,26.9,0.41,,,,,,,,,,,,,,,,,,
6/12/2021,83,72.2,61,48,44,38,58,37.8,25,13,6.4,0,27.1,27,26.9,0,,,,,,,,,,,,,,,,,,
6/13/2021,97,79.6,64,49,46.8,44,54,34,18,16,7.9,0,26.9,26.9,26.8,0,,,,,,,,,,,,,,,,,,
6/14/2021,93,80.9,67,53,46.5,39,57,33,16,13,6.9,0,27,26.9,26.8,0,,,,,,,,,,,,,,,,,,
6/15/2021,88,73.5,62,51,45.1,37,62,39.2,18,26,9.3,0,27.2,27,26.8,0,,,,,,,,,,,,,,,,,,
6/16/2021,81,76.6,67,35,31.1,27,27,19.2,14,14,9.6,3,27.2,27.1,27.1,0,,,,,,,,,,,,,,,,,,
6/17/2021,90,73.5,56,44,36.9,27,55,30,11,17,7.8,0,27.1,27.1,27,0,,,,,,,,,,,,,,,,,,
6/18/2021,97,78.3,59,44,38.2,31,48,26,10,13,5.7,0,27,26.9,26.8,0,,,,,,,,,,,,,,,,,,
6/19/2021,94,79.1,62,47,40.5,32,50,28.5,11,15,8.5,0,26.9,26.9,26.8,0,,,,,,,,,,,,,,,,,,
6/20/2021,90,77.6,63,47,43.5,40,52,31.5,18,18,10.3,0,27,26.9,26.9,0,,,,,,,,,,,,,,,,,,
6/21/2021,96,82.2,65,47,42.1,35,52,27.1,12,14,6.8,0,27,26.9,26.8,0,,,,,,,,,,,,,,,,,,
6/22/2021,98,81.2,69,55,49.3,44,59,35.7,16,37,14.8,0,26.9,26.8,26.7,0,,,,,,,,,,,,,,,,,,
6/23/2021,90,75.7,61,56,49.9,39,78,45.2,21,21,7.1,0,27,26.9,26.9,0,,,,,,,,,,,,,,,,,,
6/24/2021,94,80.1,64,48,41.1,34,48,27.5,12,16,9.5,0,27,26.9,26.9,0,,,,,,,,,,,,,,,,,,
6/25/2021,92,79.5,62,48,44.6,37,56,31.1,20,21,9.8,0,27,27,26.9,0,,,,,,,,,,,,,,,,,,
6/26/2021,94,81.9,65,53,48.7,47,56,33.5,20,14,5.2,0,27.1,27,27,0,,,,,,,,,,,,,,,,,,
6/27/2021,98,85.5,71,52,46,41,47,27,15,14,7.2,0,27.1,27.1,27,0,,,,,,,,,,,,,,,,,,
6/28/2021,103,91.9,76,50,46.1,39,38,22,12,12,7.5,0,27.1,27,26.9,0,,,,,,,,,,,,,,,,,,
6/29/2021,105,91,74,54,45,35,41,22.5,9,13,6.6,0,27,26.9,26.8,0,,,,,,,,,,,,,,,,,,
6/30/2021,104,93.2,79,48,39.5,30,32,17,8,25,11.3,3,26.9,26.9,26.8,0,,,,,,,,,,,,,,,,,,
7/1/2021,102,88.7,73,54,44.5,38,41,23.5,11,20,9.9,0,26.9,26.9,26.9,0,,,,,,,,,,,,,,,,,,
7/2/2021,101,87.7,72,53,47,40,46,26.9,12,13,6.7,0,27,26.9,26.9,0,,,,,,,,,,,,,,,,,,
7/3/2021,102,88.9,72,49,45.5,40,40,23.6,13,12,7.1,0,27,26.9,26.9,0,,,,,,,,,,,,,,,,,,
7/4/2021,100,86.5,74,54,46.9,32,45,27.6,10,15,6.1,0,27,26.9,26.9,0,,,,,,,,,,,,,,,,,,
7/5/2021,100,87.8,74,52,46.7,38,45,26.1,12,10,7.4,0,27.1,27,26.9,0,,,,,,,,,,,,,,,,,,
7/6/2021,107,89.7,72,43,38.8,32,34,19,8,15,7.7,0,27.1,27,26.9,0,,,,,,,,,,,,,,,,,,
7/7/2021,98,89.8,80,48,39,30,26,17.6,10,15,10.4,5,26.9,26.9,26.8,0,,,,,,,,,,,,,,,,,,
7/8/2021,98,82.3,66,41,35.1,25,37,21,8,12,6,0,27,26.9,26.8,0,,,,,,,,,,,,,,,,,,
7/9/2021,95,80.8,65,43,29.1,8,39,19.2,4,13,6.3,0,27.1,27.1,26.9,0,,,,,,,,,,,,,,,,,,
7/10/2021,103,86.8,70,46,34.8,28,36,17.8,8,10,5.7,0,27.1,27.1,27,0,,,,,,,,,,,,,,,,,,
7/11/2021,98,85,71,46,39.8,32,34,21.9,10,16,7.1,0,27,27,26.9,0,,,,,,,,,,,,,,,,,,
7/12/2021,102,83.5,67,45,37.2,0,35,21.5,0,16,6.1,0,27,26.9,26.8,0,,,,,,,,,,,,,,,,,,
7/13/2021,96,82.4,67,46,38.1,27,37,22.9,9,15,7,0,27,26.9,26.9,0,,,,,,,,,,,,,,,,,,
7/14/2021,97,83.7,68,44,37.9,33,39,21.9,11,10,6.2,0,27,26.9,26.9,0,,,,,,,,,,,,,,,,,,
7/15/2021,97,84.4,71,42,37.5,34,29,19.7,11,15,7.3,0,26.9,26.9,26.8,0,,,,,,,,,,,,,,,,,,
7/16/2021,96,80.2,64,45,38.9,31,43,25.4,10,13,5.4,0,26.9,26.9,26.8,0,,,,,,,,,,,,,,,,,,
7/17/2021,97,80,62,47,39.9,25,50,27.5,8,12,5.3,0,27,27,26.9,0,,,,,,,,,,,,,,,,,,
7/18/2021,100,83.8,68,49,39.8,29,45,23,9,12,5.7,0,27.1,27,27,0,,,,,,,,,,,,,,,,,,
7/19/2021,95,86.8,80,53,46.3,36,37,25.1,16,18,8.6,0,27.1,27,27,0,,,,,,,,,,,,,,,,,,
7/20/2021,91,82.5,77,56,53.4,50,46,37.3,24,13,7.6,0,27.1,27,26.9,0,,,,,,,,,,,,,,,,,,
7/21/2021,93,79.7,68,60,53.2,39,76,43.9,15,26,9.8,0,27,26.9,26.9,0.04,,,,,,,,,,,,,,,,,,
7/22/2021,91,76.2,60,46,39.7,36,47,28.8,14,14,6.6,0,27.1,27,26.9,0,,,,,,,,,,,,,,,,,,
7/23/2021,93,76.6,60,43,36,29,39,25.6,10,14,5.6,0,27.2,27.1,27,0,,,,,,,,,,,,,,,,,,
7/24/2021,94,78.3,61,44,39.1,32,44,27,11,12,4.2,0,27.1,27.1,27,0,,,,,,,,,,,,,,,,,,
7/25/2021,97,81,66,50,41.5,36,35,25.8,14,10,4.8,0,27.1,27,26.9,0,,,,,,,,,,,,,,,,,,
7/26/2021,100,83.9,70,50,43.5,34,38,25.6,11,20,7.9,0,27,26.9,26.9,0,,,,,,,,,,,,,,,,,,
7/27/2021,100,84.6,71,50,47.2,42,44,28.7,16,13,6.5,0,27,26.9,26.9,0,,,,,,,,,,,,,,,,,,
7/28/2021,97,81.5,71,57,49.6,40,57,35.3,14,13,6.8,0,27.2,27.1,27,0,,,,,,,,,,,,,,,,,,
7/29/2021,98,85,70,55,49.2,45,46,30.3,18,17,7,0,27.1,27.1,27,0.03,,,,,,,,,,,,,,,,,,
7/30/2021,99,88.3,77,53,49.4,45,35,26.5,18,24,10.5,3,27.1,27,27,0,,,,,,,,,,,,,,,,,,
7/31/2021,94,80.9,69,69,60.4,55,93,53.2,27,22,10.7,3,27.2,27.1,27,0,,,,,,,,,,,,,,,,,,
8/1/2021,81,73.8,69,68,66.2,62,96,78,54,9,4.4,0,27.2,27.1,27.1,0.59,,,,,,,,,,,,,,,,,,
8/2/2021,92,80,69,66,61,52,87,56.9,26,13,5.1,0,27.2,27.1,27.1,0.06,,,,,,,,,,,,,,,,,,
8/3/2021,95,81.6,69,60,54.7,45,73,42.7,19,20,6.8,0,27.2,27.1,27,0,,,,,,,,,,,,,,,,,,
8/4/2021,104,86.5,68,53,47.5,41,57,29.1,12,14,7,0,27.1,27,26.9,0,,,,,,,,,,,,,,,,,,
8/5/2021,96,84.5,73,54,48.4,43,43,29.6,17,17,8.6,0,26.9,26.9,26.8,0,,,,,,,,,,,,,,,,,,
8/6/2021,81,73.5,68,51,49,44,55,42.8,29,17,10,0,27.1,27,26.8,0,,,,,,,,,,,,,,,,,,
8/7/2021,94,78.5,63,51,46.9,41,65,37.6,16,12,6.8,0,27.1,27,26.8,0,,,,,,,,,,,,,,,,,,
8/8/2021,85,76.4,65,53,43.6,26,57,32.9,16,24,11.5,0,27,26.9,26.8,0,,,,,,,,,,,,,,,,,,
8/9/2021,82,68.4,53,39,36,32,57,33,17,13,6.6,0,27.1,27.1,27,0,,,,,,,,,,,,,,,,,,
8/10/2021,93,76.4,58,41,34.9,20,51,26.7,8,12,6.6,0,27.1,27.1,27,0,,,,,,,,,,,,,,,,,,
8/11/2021,97,80.6,63,54,46.1,37,54,31.5,19,17,7.5,0,27.1,27,26.9,0,,,,,,,,,,,,,,,,,,
8/12/2021,100,83.8,68,53,49.8,43,53,33.8,14,15,5.5,0,27.1,27,27,0,,,,,,,,,,,,,,,,,,
8/13/2021,98,82.5,67,51,46,41,49,30.5,14,12,5.3,0,27.1,27.1,27,0,,,,,,,,,,,,,,,,,,
8/14/2021,96,83.7,68,48,42.9,38,41,25.6,13,14,6.2,0,27.1,27.1,27.1,0,,,,,,,,,,,,,,,,,,
8/15/2021,97,81.3,67,48,42.6,37,36,26.3,15,12,5.7,0,27.1,27.1,26.9,0,,,,,,,,,,,,,,,,,,
8/16/2021,97,83.5,70,47,42,39,39,24.2,13,12,7.4,0,26.9,26.9,26.7,0,,,,,,,,,,,,,,,,,,
8/17/2021,81,73.2,63,49,42.3,29,50,33.9,22,21,10.7,0,26.9,26.8,26.7,0,,,,,,,,,,,,,,,,,,
8/18/2021,76,64.6,53,44,40.4,33,66,43.2,26,18,12.3,6,27,26.9,26.9,0,,,,,,,,,,,,,,,,,,
8/19/2021,79,65.9,53,45,42.9,40,74,46.8,25,20,9,0,27,27,26.9,0,,,,,,,,,,,,,,,,,,
8/20/2021,85,71.5,57,46,39.6,30,62,35.6,14,17,7.3,0,27,26.9,26.8,0,,,,,,,,,,,,,,,,,,
8/21/2021,77,68.4,60,54,47.4,36,80,49.4,25,23,9.2,0,26.9,26.8,26.7,0,,,,,,,,,,,,,,,,,,
8/22/2021,84,68.4,52,48,40,30,80,43,15,15,7.2,0,27,26.9,26.8,0.04,,,,,,,,,,,,,,,,,,
8/23/2021,81,69.2,57,41,32.4,19,55,28.4,11,14,8,0,26.9,26.9,26.8,0,,,,,,,,,,,,,,,,,,
8/24/2021,82,65.3,51,40,34.3,31,50,33.8,16,8,4.3,0,27,27,26.9,0,,,,,,,,,,,,,,,,,,
8/25/2021,85,70.9,57,39,33.2,25,42,27.2,12,12,5.7,0,27,27,26.9,0,,,,,,,,,,,,,,,,,,
8/26/2021,83,70.7,60,40,35.3,30,47,28.6,18,13,6.1,0,27.1,27,27,0,,,,,,,,,,,,,,,,,,
8/27/2021,79,67.2,55,47,41,35,64,41.3,20,13,6.4,0,27.1,27,26.9,0,,,,,,,,,,,,,,,,,,
8/28/2021,83,68,52,43,35.3,22,64,35.2,11,9,4.3,0,27.1,27.1,27,0,,,,,,,,,,,,,,,,,,
8/29/2021,90,73.5,57,35,31.7,28,40,23.8,11,10,5,0,27,27,26.9,0,,,,,,,,,,,,,,,,,,
8/30/2021,89,75.1,62,38,33.5,30,41,22.9,14,12,6,0,26.9,26.8,26.7,0,,,,,,,,,,,,,,,,,,
8/31/2021,81,68,56,39,32.2,18,51,29.6,10,15,6.7,0,26.9,26.8,26.8,0,,,,,,,,,,,,,,,,,,
9/1/2021,79,62.4,49,36,30.7,22,54,34,12,14,5.5,0,26.9,26.9,26.8,0,,,,,,,,,,,,,,,,,,
9/2/2021,79,63.2,49,37,31.7,24,57,34.6,14,18,6.2,0,27,27,26.9,0,,,,,,,,,,,,,,,,,,
9/3/2021,81,64,47,35,27.8,17,56,30.2,10,10,4,0,27.1,27.1,27,0,,,,,,,,,,,,,,,,,,
9/4/2021,89,70.3,52,34,22.8,16,36,18.7,7,10,5.2,0,27.1,27.1,27,0,,,,,,,,,,,,,,,,,,
9/5/2021,93,74.3,56,38,25.3,15,42,18.4,6,8,5,0,27.1,27,27,0,,,,,,,,,,,,,,,,,,
9/6/2021,91,74.3,58,40,29.8,22,32,20.3,12,12,6.2,0,27.1,27.1,27,0,,,,,,,,,,,,,,,,,,
9/7/2021,93,76.4,61,48,34.7,27,37,23.1,13,10,5.5,0,27.2,27.1,27,0,,,,,,,,,,,,,,,,,,
9/8/2021,93,77.2,63,46,36.6,31,41,24.5,11,14,7.1,0,27.1,27,26.9,0,,,,,,,,,,,,,,,,,,
9/9/2021,97,79.5,66,52,41.9,38,39,27.9,13,13,6,0,27,27,26.9,0,,,,,,,,,,,,,,,,,,
9/10/2021,78,69.6,57,59,50.3,38,87,54,27,15,7,0,27.1,27,26.9,0,,,,,,,,,,,,,,,,,,
9/11/2021,78,59.3,54,55,52.8,41,100,84,29,13,3.7,0,27.2,27.2,27.1,0.09,,,,,,,,,,,,,,,,,,
9/12/2021,83,67.5,55,49,42.4,37,60,42.9,19,14,5.6,0,27.1,27.1,27,0,,,,,,,,,,,,,,,,,,
9/13/2021,80,66.5,53,48,40.9,32,69,43.3,17,14,5.8,0,27.1,27,27,0,,,,,,,,,,,,,,,,,,
9/14/2021,81,65.2,50,41,28.3,15,62,30.2,8,9,5.4,0,27.1,27.1,27,0,,,,,,,,,,,,,,,,,,
9/15/2021,83,68.3,54,41,29,22,40,24.4,13,12,6.2,0,27,26.9,26.8,0,,,,,,,,,,,,,,,,,,
9/16/2021,70,60.3,50,42,26.9,15,50,30.4,13,17,9.3,0,27.1,27,26.9,0,,,,,,,,,,,,,,,,,,
9/17/2021,87,66,47,31,21.1,17,33,20.3,9,16,9.8,3,27.1,27,26.9,0,,,,,,,,,,,,,,,,,,
9/18/2021,83,69.5,62,45,32.5,19,52,28.3,10,37,15,5,26.9,26.9,26.8,0,,,,,,,,,,,,,,,,,,
9/19/2021,64,57.4,53,50,42.8,35,86,60.6,35,17,10.7,6,27.2,27,26.9,0.05,,,,,,,,,,,,,,,,,,
9/20/2021,66,54.4,41,40,36.4,32,86,54.5,29,13,6.2,0,27.4,27.3,27.2,0.01,,,,,,,,,,,,,,,,,,
9/21/2021,76,60.7,47,35,30.6,23,59,36.1,15,15,10.1,5,27.4,27.3,27.2,0,,,,,,,,,,,,,,,,,,
9/22/2021,81,67.5,54,40,32.4,24,41,28.1,17,15,8.9,3,27.2,27.1,27,0,,,,,,,,,,,,,,,,,,
9/23/2021,77,63.5,52,43,40.2,36,66,45,24,16,8,0,27.2,27.2,27.1,0,,,,,,,,,,,,,,,,,,
9/24/2021,83,66.5,53,42,37.5,33,57,37.5,17,13,5.9,0,27.2,27.1,27,0,,,,,,,,,,,,,,,,,,
9/25/2021,86,70.7,54,40,35.4,31,59,30,14,12,5.8,0,27,27,26.9,0,,,,,,,,,,,,,,,,,,
9/26/2021,85,72.2,59,34,30.4,27,39,22.9,13,12,7.4,3,27,26.9,26.9,0,,,,,,,,,,,,,,,,,,
9/27/2021,85,70.2,54,32,23,9,37,19.9,6,14,8.3,0,27,26.9,26.7,0,,,,,,,,,,,,,,,,,,
9/28/2021,67,51.7,47,45,41.3,33,93,70.8,34,20,8.9,0,27.1,27,26.8,0.03,,,,,,,,,,,,,,,,,,
9/29/2021,65,51.3,39,38,33.1,24,83,54.6,22,14,6.1,0,27.2,27.2,27.1,0.14,,,,,,,,,,,,,,,,,,
9/30/2021,71,56,43,32,29.8,23,65,40.6,16,14,7.4,3,27.3,27.2,27.2,0,,,,,,,,,,,,,,,,,,
10/1/2021,71,56.8,45,36,30.4,27,56,38.7,19,10,4,0,27.2,27.2,27.1,0,,,,,,,,,,,,,,,,,,
10/2/2021,77,60.9,49,34,31.3,28,52,34.8,18,12,6,0,27.2,27.2,27.1,0,,,,,,,,,,,,,,,,,,
10/3/2021,83,64.4,47,32,28.4,25,56,28.4,12,12,5,0,27.2,27.1,27,0,,,,,,,,,,,,,,,,,,
10/4/2021,87,67.3,49,33,26.9,13,52,25.1,6,15,7.8,0,27.1,27,26.9,0,,,,,,,,,,,,,,,,,,
10/5/2021,82,67,56,32,24,19,29,20.6,10,14,8,0,27,26.9,26.8,0,,,,,,,,,,,,,,,,,,
10/6/2021,70,62,55,42,34.5,26,57,36.8,22,21,9.5,0,27,27,26.9,0,,,,,,,,,,,,,,,,,,
10/7/2021,70,57,48,47,39.5,37,77,54,31,15,6.1,0,27.1,27,27,0,,,,,,,,,,,,,,,,,,
10/8/2021,61,55,50,52,48.6,45,93,79.7,56,16,9.6,0,27,26.9,26.9,0,,,,,,,,,,,,,,,,,,
10/9/2021,61,52,44,46,35.6,30,86,56,31,20,10.8,0,27.1,27.1,27,0.49,,,,,,,,,,,,,,,,,,
10/10/2021,63,52.1,44,44,35.5,29,83,56.4,30,14,7.6,0,27.1,27,26.9,0,,,,,,,,,,,,,,,,,,
10/11/2021,56,46.1,39,38,26.6,19,73,49.1,27,28,19.3,8,26.9,26.9,26.8,0.04,,,,,,,,,,,,,,,,,,
10/12/2021,55,44.8,37,25,20.1,17,54,39.3,23,22,13.8,5,27,26.9,26.9,0,,,,,,,,,,,,,,,,,,
10/13/2021,46,40.2,35,33,27.8,21,82,61.8,43,9,3.1,0,27.1,27,27,0,,,,,,,,,,,,,,,,,,
10/14/2021,55,42.9,34,31,28.5,26,85,60.2,34,12,4.8,0,27.3,27.2,27.1,0,,,,,,,,,,,,,,,,,,
10/15/2021,65,51.5,41,29,26.6,24,60,41.1,21,15,10.4,3,27.3,27.3,27.2,0,,,,,,,,,,,,,,,,,,
10/16/2021,73,54.8,38,30,26.6,21,68,38.3,14,18,9.2,0,27.3,27.2,27,0,,,,,,,,,,,,,,,,,,
10/17/2021,75,58.5,43,31,25.2,18,60,32.3,12,21,8.8,0,27,26.8,26.7,0,,,,,,,,,,,,,,,,,,
10/18/2021,62,55.3,49,33,30.4,26,54,39.4,28,7,4.3,0,26.9,26.7,26.7,0,,,,,,,,,,,,,,,,,,
10/19/2021,65,53.7,39,35,33.4,31,76,49,31,10,3.9,0,27,27,26.9,0,,,,,,,,,,,,,,,,,,
10/20/2021,68,60.4,55,37,33.5,28,49,37.2,22,17,11,0,27.1,27,26.9,0,,,,,,,,,,,,,,,,,,
10/21/2021,75,64,53,37,36.1,35,55,37.2,24,16,10.5,3,27.1,27.1,27,0,,,,,,,,,,,,,,,,,,
10/22/2021,70,57.1,44,49,39.6,30,96,59.5,23,25,13.3,3,27,26.9,26.7,0,,,,,,,,,,,,,,,,,,
10/23/2021,54,48.9,43,45,41.3,38,93,76,57,8,4.7,0,26.9,26.9,26.8,0.39,,,,,,,,,,,,,,,,,,
10/24/2021,55,50.8,47,49,43.8,39,86,77.3,66,25,16.7,8,26.8,26.7,26.6,0,,,,,,,,,,,,,,,,,,
10/25/2021,53,48.5,42,49,44.4,39,92,85.6,80,14,6.8,0,26.8,26.7,26.6,0.67,,,,,,,,,,,,,,,,,,
10/26/2021,53,46.2,40,43,39.1,35,93,77.6,52,10,5.8,0,27.1,27,26.8,0.21,,,,,,,,,,,,,,,,,,
10/27/2021,60,52.7,47,44,40,35,83,64,44,14,7.7,0,27.3,27.2,27.1,0.03,,,,,,,,,,,,,,,,,,
10/28/2021,69,58,50,46,42.9,39,74,58.2,42,14,9.9,5,27.3,27.3,27.1,0,,,,,,,,,,,,,,,,,,
10/29/2021,70,58.7,50,48,43.6,39,77,59.5,32,15,9.3,3,27.1,27,27,0,,,,,,,,,,,,,,,,,,
10/30/2021,59,49.2,42,47,41.4,38,90,75.4,53,9,3.6,0,27.1,27,27,0,,,,,,,,,,,,,,,,,,
10/31/2021,56,47.6,41,41,38.3,35,86,71.2,55,7,2.7,0,27,27,27,0,,,,,,,,,,,,,,,,,,
11/1/2021,55,48.3,41,49,43.5,37,97,84.1,62,14,5.9,0,27.2,27.1,27,0,,,,,,,,,,,,,,,,,,
11/2/2021,60,51.7,47,48,45.6,42,96,81.1,57,6,3.1,0,27.3,27.2,27.2,0.16,,,,,,,,,,,,,,,,,,
11/3/2021,65,52.3,43,43,41.1,38,90,67.8,40,15,6.9,0,27.3,27.2,27.1,0,,,,,,,,,,,,,,,,,,
11/4/2021,62,55.8,48,48,41.6,38,77,59.5,44,23,11.5,0,27.1,27,26.9,0,,,,,,,,,,,,,,,,,,
11/5/2021,63,53.4,42,38,34.3,25,80,52.3,24,22,11.3,3,27.1,27,27,0.03,,,,,,,,,,,,,,,,,,
11/6/2021,57,51.4,46,41,37.8,34,83,61,44,9,3.1,0,27.1,27,27,0,,,,,,,,,,,,,,,,,,
11/7/2021,50,43.1,35,41,29.7,24,86,61,39,9,4.7,0,27.2,27.2,27.1,0.02,,,,,,,,,,,,,,,,,,
11/8/2021,50,40.3,34,26,23.1,17,64,51.6,31,14,10,0,27.2,27.1,27,0,,,,,,,,,,,,,,,,,,
11/9/2021,50,44.1,37,45,38,26,93,79.9,56,20,8.9,0,27.2,27,26.9,0,,,,,,,,,,,,,,,,,,
11/10/2021,50,41.8,35,36,31.2,26,93,68.6,39,10,4,0,27.3,27.3,27.2,0.41,,,,,,,,,,,,,,,,,,
11/11/2021,49,45,42,42,37.6,28,90,76.4,53,12,5,0,27.4,27.3,27.3,0,,,,,,,,,,,,,,,,,,
11/12/2021,61,48.2,41,48,43.1,39,93,83.2,62,7,3,0,27.4,27.3,27.2,0.01,,,,,,,,,,,,,,,,,,
11/13/2021,61,48.8,43,48,43.4,41,96,83.1,53,10,4.9,0,27.3,27.3,27.2,0.01,,,,,,,,,,,,,,,,,,
11/14/2021,63,52.9,48,45,42.1,41,80,67.5,48,13,8.2,0,27.2,27.2,27.1,0,,,,,,,,,,,,,,,,,,
11/15/2021,60,54.3,46,40,38.4,35,79,55.8,39,15,9.7,0,27.1,27,26.9,0,,,,,,,,,,,,,,,,,,
11/16/2021,53,41.1,29,40,23.3,13,72,50.5,28,24,13.8,0,27.3,27.2,27,0,,,,,,,,,,,,,,,,,,
11/17/2021,43,33,23,23,18.7,16,81,58.3,37,14,6.6,0,27.4,27.4,27.3,0,,,,,,,,,,,,,,,,,,
11/18/2021,46,39.1,32,37,22.5,16,82,52.4,35,16,7.3,0,27.3,27.1,27.1,0,,,,,,,,,,,,,,,,,,
11/19/2021,54,45.6,42,44,39.8,37,90,80.4,64,22,9.9,0,27.2,27.1,27,0.13,,,,,,,,,,,,,,,,,,
11/20/2021,47,38.8,33,35,31.8,28,86,76.4,61,10,5.6,0,27.5,27.4,27.2,0.14,,,,,,,,,,,,,,,,,,
11/21/2021,46,37.3,30,33,29.5,26,85,74.3,56,14,7.8,3,27.5,27.5,27.4,0,,,,,,,,,,,,,,,,,,
11/22/2021,50,36.9,29,33,27.7,25,89,71.1,46,14,2.8,0,27.4,27.2,27,0,,,,,,,,,,,,,,,,,,
11/23/2021,43,34.7,27,36,29.6,23,92,81.7,70,12,6.1,0,27.2,27,26.9,0,,,,,,,,,,,,,,,,,,
11/24/2021,43,34.3,29,28,25.8,23,85,72,51,10,4.7,0,27.5,27.4,27.2,0.08,,,,,,,,,,,,,,,,,,
11/25/2021,48,37,26,29,24.6,22,84,63,36,13,6.9,0,27.5,27.5,27.4,0,,,,,,,,,,,,,,,,,,
11/26/2021,43,37.6,32,31,28.7,27,82,70.5,60,9,3.4,0,27.4,27.3,27.3,0,,,,,,,,,,,,,,,,,,
11/27/2021,50,39.6,33,35,32.1,29,89,75.5,56,9,2.1,0,27.3,27.3,27.2,0,,,,,,,,,,,,,,,,,,
11/28/2021,55,40.7,33,38,33.7,29,89,77.4,53,7,2.3,0,27.4,27.3,27.3,0,,,,,,,,,,,,,,,,,,
11/29/2021,53,38.9,32,39,33.4,29,96,81.8,59,15,2.7,0,27.4,27.3,27.2,0,,,,,,,,,,,,,,,,,,
11/30/2021,50,40,33,37,33.4,29,89,78.1,56,13,4.1,0,27.4,27.3,27.3,0,,,,,,,,,,,,,,,,,,
12/1/2021,55,42.2,33,38,34.9,30,92,77,51,12,4.4,0,27.4,27.3,27.2,0,,,,,,,,,,,,,,,,,,
12/2/2021,52,36.5,0,39,31.2,0,92,74,0,8,2.5,0,27.2,27.2,27.2,0,,,,,,,,,,,,,,,,,,
12/3/2021,52,39.9,32,39,34.2,28,92,81,61,6,1.5,0,27.2,27.2,27.1,0,,,,,,,,,,,,,,,,,,
12/4/2021,52,38.8,29,38,32.6,26,92,79.4,59,7,2.5,0,27.2,27.1,27.1,0,,,,,,,,,,,,,,,,,,
12/5/2021,49,39.5,32,35,27.4,21,82,63.9,36,18,8.4,0,27.3,27.2,27.1,0,,,,,,,,,,,,,,,,,,
12/6/2021,38,35,31,35,30.6,23,96,84.7,59,7,4.3,0,27.3,27.1,27,0,,,,,,,,,,,,,,,,,,
12/7/2021,42,36.1,33,39,34.1,31,97,92.5,85,8,3.6,0,27.1,27.1,27,0.22,,,,,,,,,,,,,,,,,,
12/8/2021,49,34.8,30,37,32.1,28,97,90.4,61,12,4.7,0,27,26.9,26.8,0.02,,,,,,,,,,,,,,,,,,
12/9/2021,37,33,30,32,23,15,89,67.9,43,17,9,5,26.9,26.9,26.9,0,,,,,,,,,,,,,,,,,,
12/10/2021,37,30.5,21,27,23.2,17,92,75.4,54,15,6.1,0,27.2,27.1,26.9,0.04,,,,,,,,,,,,,,,,,,
12/11/2021,42,37,34,30,23.6,18,82,59.7,43,21,17.4,0,27.1,27,26.8,0,,,,,,,,,,,,,,,,,,
12/12/2021,50,43.4,38,34,32.2,30,86,65.9,48,18,12.7,6,26.8,26.8,26.8,0.05,,,,,,,,,,,,,,,,,,
12/13/2021,52,48.6,41,35,31.1,25,79,52.3,35,30,19.7,0,26.8,26.7,26.6,0.01,,,,,,,,,,,,,,,,,,
12/14/2021,49,33.9,26,34,29.6,18,96,85.3,43,24,9.1,0,26.8,26.7,26.6,0,,,,,,,,,,,,,,,,,,
12/15/2021,32,28.2,19,26,21.2,14,85,75.7,61,22,12.7,0,27,27,26.9,0.22,,,,,,,,,,,,,,,,,,
12/16/2021,35,32.2,30,31,28.6,27,92,86.6,82,18,8.3,3,27.1,26.9,26.9,0.01,,,,,,,,,,,,,,,,,,
12/17/2021,37,32.3,26,29,26,20,89,78.2,62,12,5.8,0,27.3,27.2,27.1,0.05,,,,,,,,,,,,,,,,,,
12/18/2021,35,30.3,26,26,21.6,18,81,70.3,64,17,9.7,5,27.3,27.2,27.1,0,,,,,,,,,,,,,,,,,,
12/19/2021,36,31.7,27,30,25.3,22,85,77.2,67,10,3.9,0,27.1,27,27,0,,,,,,,,,,,,,,,,,,
12/20/2021,50,39.6,31,34,30.3,23,89,71.7,35,14,5.3,0,27.2,27.1,27,0.01,,,,,,,,,,,,,,,,,,
12/21/2021,41,32.9,25,31,27.3,22,92,80.2,65,6,2.6,0,27.2,27.1,27,0,,,,,,,,,,,,,,,,,,
12/22/2021,46,39.6,31,37,32.2,25,89,75.4,60,18,12.2,0,27,26.9,26.8,0,,,,,,,,,,,,,,,,,,
12/23/2021,46,40.5,33,38,34.6,31,93,80.3,63,15,8.3,0,26.8,26.6,26.5,0.03,,,,,,,,,,,,,,,,,,
12/24/2021,36,32.1,28,31,28.8,25,93,88,72,29,7.9,0,26.6,26.6,26.5,0.36,,,,,,,,,,,,,,,,,,
12/25/2021,37,32.8,28,31,28.7,23,92,85.2,66,23,9.1,0,26.8,26.6,26.5,0.03,,,,,,,,,,,,,,,,,,
12/26/2021,35,29.8,27,30,24.1,16,93,80.6,48,16,6.8,0,26.7,26.6,26.5,0.06,,,,,,,,,,,,,,,,,,
12/27/2021,30,25.7,21,24,20.4,15,89,80.7,66,15,8.7,0,26.7,26.6,26.6,0.15,,,,,,,,,,,,,,,,,,
12/28/2021,24,21,15,18,14.4,10,84,76,69,14,6,0,26.8,26.8,26.7,0.05,,,,,,,,,,,,,,,,,,
12/29/2021,27,23.4,13,25,20.1,9,96,86.7,75,15,7.6,0,26.9,26.7,26.6,0,,,,,,,,,,,,,,,,,,
12/30/2021,29,26.4,19,26,22.7,15,92,86.1,72,12,8.6,3,26.8,26.7,26.6,0.19,,,,,,,,,,,,,,,,,,
12/31/2021,29,23.7,11,24,17.8,6,88,78.3,66,16,7.8,0,27,26.8,26.6,0.12,,,,,,,,,,,,,,,,,,
1/1/2022,23,9.5,0,8,1.7,-7,83,71.4,46,10,4.6,0,27.4,27.3,27.1,0,,,,,,,,,,,,,,,,,,
1/2/2022,21,13.2,7,11,5.8,1,81,72.7,62,12,4,0,27.4,27.3,27.1,0,,,,,,,,,,,,,,,,,,
1/3/2022,41,30.1,9,34,20.4,4,92,69.2,43,28,12.1,0,27.1,26.9,26.7,0,,,,,,,,,,,,,,,,,,
1/4/2022,35,32.5,31,31,29.7,28,93,89.3,82,21,6.1,0,27.1,27,26.8,0.24,,,,,,,,,,,,,,,,,,
1/5/2022,37,33.6,32,34,30.8,30,93,89.5,76,12,5.7,0,27.1,27.1,26.9,0.28,,,,,,,,,,,,,,,,,,
1/6/2022,39,34.3,32,36,31.8,30,93,90.4,82,12,4.2,0,27.1,27,26.8,0.26,,,,,,,,,,,,,,,,,,
1/7/2022,49,40.4,35,36,33,28,89,75.4,52,15,8.7,0,26.9,26.7,26.6,0.02,,,,,,,,,,,,,,,,,,
1/8/2022,40,34.3,29,28,23.6,20,79,65.7,47,12,5.3,0,27.4,27.2,26.9,0.12,,,,,,,,,,,,,,,,,,
1/9/2022,35,28.9,24,24,19.6,16,78,68.6,50,13,9.1,0,27.6,27.5,27.4,0,,,,,,,,,,,,,,,,,,
1/10/2022,34,26.6,20,23,18.3,14,81,71.4,56,9,3.8,0,27.6,27.5,27.5,0,,,,,,,,,,,,,,,,,,
1/11/2022,36,30.9,27,25,22.6,18,82,71.9,59,13,4.2,0,27.6,27.5,27.4,0,,,,,,,,,,,,,,,,,,
1/12/2022,38,29.9,23,26,23,18,85,76.3,60,6,2.6,0,27.5,27.4,27.3,0,,,,,,,,,,,,,,,,,,
1/13/2022,40,31.8,27,28,25.5,22,85,77.9,63,13,5.2,0,27.3,27.3,27.2,0,,,,,,,,,,,,,,,,,,
1/14/2022,39,31.7,25,30,25.8,21,85,79,70,13,5.8,0,27.5,27.4,27.3,0,,,,,,,,,,,,,,,,,,
1/15/2022,35,30.7,25,28,24.2,20,85,76.9,70,16,5.2,0,27.5,27.4,27.4,0,,,,,,,,,,,,,,,,,,
1/16/2022,36,28.7,26,27,23.1,22,85,79.7,64,9,4.1,0,27.4,27.3,27.3,0,,,,,,,,,,,,,,,,,,
1/17/2022,32,27.8,24,25,22.4,19,85,80.4,73,9,4.8,0,27.3,27.2,27.1,0,,,,,,,,,,,,,,,,,,
1/18/2022,32,30.2,28,27,25.2,24,85,81.7,79,7,3.1,0,27.2,27.2,27.1,0,,,,,,,,,,,,,,,,,,
1/19/2022,33,31.2,30,29,27.4,26,89,85.6,82,6,1.1,0,27.5,27.4,27.3,0,,,,,,,,,,,,,,,,,,
1/20/2022,36,32.3,31,31,28.7,25,93,86.7,78,16,6.1,0,27.5,27.3,27.2,0,,,,,,,,,,,,,,,,,,
1/21/2022,39,31.3,27,30,28,23,93,87.8,67,17,10.3,0,27.4,27.4,27.3,0.2,,,,,,,,,,,,,,,,,,
1/22/2022,34,30.3,25,26,24.1,21,85,78,70,15,8.4,3,27.5,27.5,27.4,0,,,,,,,,,,,,,,,,,,
1/23/2022,31,30.3,29,24,23.8,23,82,77.6,72,9,3.6,0,27.5,27.4,27.4,0,,,,,,,,,,,,,,,,,,
1/24/2022,31,28.5,26,26,23.9,22,89,82.8,79,16,7.7,0,27.3,27.2,27.1,0,,,,,,,,,,,,,,,,,,
1/25/2022,31,28,24,24,22.8,21,89,80.9,72,16,8.2,0,27.4,27.3,27.2,0,,,,,,,,,,,,,,,,,,
1/26/2022,28,26.6,23,23,21.2,18,85,79.8,75,10,7.2,3,27.4,27.4,27.3,0,,,,,,,,,,,,,,,,,,
1/27/2022,30,25.5,20,22,19.1,14,85,76.9,66,15,9.1,0,27.7,27.6,27.4,0,,,,,,,,,,,,,,,,,,
1/28/2022,28,20.4,14,15,11.8,8,81,70,56,13,6.5,0,27.7,27.6,27.5,0,,,,,,,,,,,,,,,,,,
1/29/2022,32,21.3,14,18,12.9,7,82,71,52,12,4.7,0,27.5,27.4,27.4,0,,,,,,,,,,,,,,,,,,
1/30/2022,29,21.7,14,15,12.1,8,81,67.3,53,16,6.6,0,27.4,27.3,27.1,0,,,,,,,,,,,,,,,,,,
1/31/2022,40,28.7,24,19,16.8,13,75,62.2,38,16,6.1,0,27.2,27.2,27.1,0,,,,,,,,,,,,,,,,,,
2/1/2022,34,27,18,21,17.6,13,81,68.5,52,9,4.4,0,27.2,27.2,27.1,0,,,,,,,,,,,,,,,,,,
2/2/2022,34,26.9,18,20,14.4,8,88,62.2,37,13,5.3,0,27.3,27.2,27.1,0,,,,,,,,,,,,,,,,,,
2/3/2022,36,28,24,20,17.3,14,78,64.8,50,12,5.6,0,27.5,27.4,27.3,0,,,,,,,,,,,,,,,,,,
2/4/2022,38,28.4,21,24,18.6,12,82,67.7,52,15,6.7,0,27.6,27.5,27.4,0,,,,,,,,,,,,,,,,,,
2/5/2022,40,27.8,19,25,20.1,13,85,73.6,53,13,4.6,0,27.5,27.4,27.4,0,,,,,,,,,,,,,,,,,,
2/6/2022,39,30.2,21,25,22,17,85,72.4,53,13,7.1,0,27.6,27.5,27.5,0,,,,,,,,,,,,,,,,,,
2/7/2022,38,29.4,23,24,20.5,17,85,70.5,51,10,4.5,0,27.5,27.5,27.4,0,,,,,,,,,,,,,,,,,,
2/8/2022,39,28.3,19,25,21.3,15,89,76,57,10,2.8,0,27.6,27.5,27.5,0,,,,,,,,,,,,,,,,,,
2/9/2022,49,34.5,23,28,24.5,19,85,68.8,43,12,3.5,0,27.5,27.4,27.4,0,,,,,,,,,,,,,,,,,,
2/10/2022,57,39.4,29,37,29.8,24,85,70.2,47,10,3.9,0,27.4,27.4,27.2,0,,,,,,,,,,,,,,,,,,
2/11/2022,51,35.9,27,33,26.5,23,92,71.9,33,15,6.2,0,27.4,27.3,27.3,0,,,,,,,,,,,,,,,,,,
2/12/2022,46,33.8,25,27,23.2,19,81,66.8,40,15,6,0,27.5,27.4,27.4,0,,,,,,,,,,,,,,,,,,
2/13/2022,47,34.1,25,27,23,19,81,65.9,37,9,4.9,0,27.4,27.3,27.2,0,,,,,,,,,,,,,,,,,,
2/14/2022,56,36.9,28,35,28.4,24,93,74.4,35,23,7.4,0,27.2,26.9,26.8,0,,,,,,,,,,,,,,,,,,
2/15/2022,47,36.4,30,31,27.9,25,89,73.1,48,23,12.8,3,27,26.9,26.9,0.08,,,,,,,,,,,,,,,,,,
2/16/2022,47,35.3,28,31,27.1,24,89,73.4,46,22,9.5,0,27.3,27.1,27,0,,,,,,,,,,,,,,,,,,
2/17/2022,48,34.9,0,27,22.4,0,81,59.4,0,8,3.4,0,27.4,27.3,27.3,0.01,,,,,,,,,,,,,,,,,,
2/18/2022,54,39.4,27,29,25.4,21,81,59.9,35,9,4,0,27.4,27.3,27.3,0,,,,,,,,,,,,,,,,,,
2/19/2022,58,43.2,30,33,27.7,23,76,57.5,32,14,5.3,0,27.3,27.1,26.9,0,,,,,,,,,,,,,,,,,,
2/20/2022,49,38.4,30,32,25.9,21,82,62.7,36,17,7.8,0,26.9,26.9,26.8,0,,,,,,,,,,,,,,,,,,
2/21/2022,40,31,25,23,19.7,16,78,64.5,41,13,4.7,0,26.9,26.8,26.8,0,,,,,,,,,,,,,,,,,,
2/22/2022,29,26,21,19,16.9,11,81,68.5,56,13,7.3,0,27,26.9,26.8,0,,,,,,,,,,,,,,,,,,
2/23/2022,30,21.7,14,10,7.8,6,71,56.6,38,22,12.8,3,27.1,27.1,27,0,,,,,,,,,,,,,,,,,,
2/24/2022,29,23.8,18,20,15.6,8,81,71.1,55,16,7.1,0,27.3,27.2,27.1,0,,,,,,,,,,,,,,,,,,
2/25/2022,32,22.4,12,15,10.2,6,80,61.9,37,10,4,0,27.4,27.4,27.3,0.02,,,,,,,,,,,,,,,,,,
2/26/2022,37,26.3,16,17,12.7,8,71,58,37,18,12.4,6,27.5,27.4,27.4,0,,,,,,,,,,,,,,,,,,
2/27/2022,44,31.5,20,23,17.4,12,71,57.3,38,17,9.9,0,27.5,27.4,27.3,0,,,,,,,,,,,,,,,,,,
2/28/2022,57,42.4,30,32,26,21,69,54.1,35,14,5.2,0,27.4,27.3,27.2,0,,,,,,,,,,,,,,,,,,
3/1/2022,58,47.1,39,41,35.1,29,73,63.3,51,12,5.6,0,27.2,27.2,27.1,0,,,,,,,,,,,,,,,,,,
3/2/2022,67,50.6,38,41,35.2,31,82,59.4,26,15,5.4,0,27.2,27.1,26.9,0,,,,,,,,,,,,,,,,,,
3/3/2022,58,46.7,37,38,34.3,31,83,64.1,39,16,6.1,0,27,26.9,26.9,0,,,,,,,,,,,,,,,,,,
3/4/2022,48,39.8,33,32,26.5,24,79,60.5,41,18,11,0,26.9,26.9,26.8,0,,,,,,,,,,,,,,,,,,
3/5/2022,51,37.5,25,27,21.8,19,78,55.8,32,18,9.3,0,27,26.9,26.8,0,,,,,,,,,,,,,,,,,,
3/6/2022,46,37.2,29,24,20.2,17,72,52,34,23,14.2,5,27.3,27.1,27,0,,,,,,,,,,,,,,,,,,
3/7/2022,49,36.8,25,20,17.9,15,75,49,30,13,6,0,27.4,27.3,27.2,0,,,,,,,,,,,,,,,,,,
3/8/2022,48,39.2,29,31,27.2,21,75,62.6,46,16,8.4,0,27.2,27.1,27,0,,,,,,,,,,,,,,,,,,
3/9/2022,40,33,22,29,22.7,11,88,68.4,34,16,11,0,27.1,27,27,0.02,,,,,,,,,,,,,,,,,,
3/10/2022,39,27.4,16,10,6.2,1,74,44.5,21,14,5.2,0,27.3,27.2,27.1,0,,,,,,,,,,,,,,,,,,
3/11/2022,51,38.8,24,21,12,8,55,35.8,18,9,4.5,0,27.4,27.3,27.2,0,,,,,,,,,,,,,,,,,,
3/12/2022,64,51.2,36,29,24.4,20,57,37.4,22,21,13.5,0,27.2,27.1,26.8,0,,,,,,,,,,,,,,,,,,
3/13/2022,53,52,51,25,22,19,36,31,26,13,8,3,26.9,26.9,26.8,0,,,,,,,,,,,,,,,,,,
3/14/2022,58,47,34,30,28.1,27,79,52,31,18,11.4,0,27.3,27.2,27.1,0,,,,,,,,,,,,,,,,,,
3/15/2022,53,48,44,44,38.2,28,89,70.8,38,18,8.1,0,27.2,27.1,27.1,0,,,,,,,,,,,,,,,,,,
3/16/2022,51,43,35,36,29.5,21,86,61.9,32,21,8.8,0,27.2,27.2,27.1,0.28,,,,,,,,,,,,,,,,,,
3/17/2022,55,44.1,32,25,22.8,19,73,46.5,24,15,9.5,0,27.2,27.2,27.1,0,,,,,,,,,,,,,,,,,,
3/18/2022,59,49,35,30,27.7,26,70,46,31,16,7.8,0,27.2,27.1,27,0,,,,,,,,,,,,,,,,,,
3/19/2022,60,50.8,41,41,31.8,25,86,50.8,26,22,11.5,0,27,26.9,26.8,0,,,,,,,,,,,,,,,,,,
3/20/2022,47,39.7,32,34,19.4,13,76,46.8,26,24,16.7,3,27.3,27.1,26.9,0.03,,,,,,,,,,,,,,,,,,
3/21/2022,52,42.7,34,28,22.5,17,59,45.8,32,14,5.1,0,27.3,27.3,27.3,0,,,,,,,,,,,,,,,,,,
3/22/2022,62,47.8,34,36,31.5,26,75,55.1,36,17,7.1,0,27.4,27.4,27.3,0,,,,,,,,,,,,,,,,,,
3/23/2022,70,55.5,40,38,35.3,33,77,50,28,10,7.2,0,27.3,27.2,27.1,0,,,,,,,,,,,,,,,,,,
3/24/2022,66,53.3,39,38,33.8,26,86,51.2,27,12,5.2,0,27.2,27.1,27.1,0,,,,,,,,,,,,,,,,,,
3/25/2022,72,56.9,43,33,27,22,51,33.4,19,14,6.1,0,27.1,27,26.9,0,,,,,,,,,,,,,,,,,,
3/26/2022,72,57.1,43,37,33.3,30,60,42.8,24,9,4.8,0,27,26.9,26.8,0,,,,,,,,,,,,,,,,,,
3/27/2022,65,57,48,40,34.5,31,61,43.7,32,13,6.4,0,26.8,26.8,26.6,0,,,,,,,,,,,,,,,,,,
3/28/2022,64,53.1,42,40,37.9,35,76,57.9,38,23,10.5,0,26.7,26.7,26.6,0,,,,,,,,,,,,,,,,,,
3/29/2022,67,53.9,42,40,35.3,29,82,54,26,24,15.1,5,27,26.9,26.8,0,,,,,,,,,,,,,,,,,,
3/30/2022,60,48.9,37,37,31.8,25,79,53.5,41,21,8.2,0,27,27,27,0,,,,,,,,,,,,,,,,,,
3/31/2022,53,43.4,33,24,22,20,66,44.8,27,17,11.1,3,27.1,27,27,0,,,,,,,,,,,,,,,,,,
4/1/2022,59,43.8,28,24,19.8,14,72,42.5,18,9,3.9,0,27.1,27.1,27,0,,,,,,,,,,,,,,,,,,
4/2/2022,58,48.3,38,31,19.3,12,51,33.7,16,20,10.7,3,27.1,27.1,26.9,0,,,,,,,,,,,,,,,,,,
4/3/2022,65,50.2,36,21,16.2,9,55,30.5,11,20,9.6,0,27.1,27,26.8,0,,,,,,,,,,,,,,,,,,
4/4/2022,60,49.5,44,44,30.6,13,85,53,22,26,14.7,5,26.9,26.8,26.7,0,,,,,,,,,,,,,,,,,,
4/5/2022,49,41.6,36,26,18.7,12,64,41.8,24,25,14.9,0,27.3,27.2,26.9,0.2,,,,,,,,,,,,,,,,,,
4/6/2022,55,41.5,27,22,16,10,69,40.2,17,8,2.7,0,27.5,27.4,27.4,0,,,,,,,,,,,,,,,,,,
4/7/2022,68,51.2,34,31,23.2,13,64,39,14,13,7,0,27.5,27.4,27.3,0,,,,,,,,,,,,,,,,,,
4/8/2022,72,56.4,45,36,30.2,25,58,38.9,20,28,12,0,27.2,27.1,26.9,0,,,,,,,,,,,,,,,,,,
4/9/2022,50,41.8,32,23,16.4,4,66,39.2,15,23,15.8,8,27.2,27.1,27,0,,,,,,,,,,,,,,,,,,
4/10/2022,44,34.7,28,33,28,20,92,77.7,49,13,7.5,3,27.1,27,26.8,0,,,,,,,,,,,,,,,,,,
4/11/2022,44,36.5,32,36,29.2,14,92,77.2,30,24,13.5,0,26.8,26.6,26.4,0.04,,,,,,,,,,,,,,,,,,
4/12/2022,44,34.3,30,27,23.8,12,88,68.2,27,23,13.2,0,27,26.8,26.7,0.15,,,,,,,,,,,,,,,,,,
4/13/2022,41,34.9,28,33,28.4,23,92,78.2,53,13,6.3,0,27,27,26.9,0.01,,,,,,,,,,,,,,,,,,
4/14/2022,46,38.9,35,36,31.9,27,93,77,56,18,10.2,0,26.9,26.9,26.8,0.03,,,,,,,,,,,,,,,,,,
4/15/2022,49,40.9,31,30,22.8,16,82,52.6,28,10,4.5,0,27,27,26.9,0.15,,,,,,,,,,,,,,,,,,
4/16/2022,53,44.4,38,40,31.3,21,85,62.1,33,26,16.1,0,27.1,26.9,26.7,0.01,,,,,,,,,,,,,,,,,,
4/17/2022,56,44.3,30,26,22.9,20,79,47.2,25,9,4.4,0,27.3,27.2,27.1,0.05,,,,,,,,,,,,,,,,,,
4/18/2022,72,56.9,41,31,24.5,18,62,32.2,15,21,12.6,5,27.1,26.9,26.7,0,,,,,,,,,,,,,,,,,,
4/19/2022,60,47.2,39,38,29.3,17,86,54.7,19,30,9.7,0,26.9,26.9,26.7,0.01,,,,,,,,,,,,,,,,,,
4/20/2022,64,51.4,39,37,31.4,26,86,52.2,25,20,11.1,3,26.9,26.9,26.7,0.02,,,,,,,,,,,,,,,,,,
4/21/2022,55,49.4,44,41,37.4,33,87,64.6,45,21,9.2,0,26.9,26.8,26.7,0,,,,,,,,,,,,,,,,,,
4/22/2022,60,48,37,38,30,19,89,56.9,21,25,12.3,0,27,26.9,26.8,0.13,,,,,,,,,,,,,,,,,,
4/23/2022,59,48.7,37,34,28.5,23,76,49.1,25,24,12.3,6,27.2,27.2,27.1,0,,,,,,,,,,,,,,,,,,
4/24/2022,63,49.2,34,30,23.7,12,78,43.5,15,8,4.3,0,27.3,27.2,27.1,0,,,,,,,,,,,,,,,,,,
4/25/2022,72,59.3,44,25,21,15,47,25.6,12,23,15,8,27.2,27.1,26.9,0,,,,,,,,,,,,,,,,,,
4/26/2022,62,54.4,48,45,37.7,23,86,56.9,25,14,7.2,0,27,27,26.9,0,,,,,,,,,,,,,,,,,,
4/27/2022,63,49.7,37,35,30.7,25,79,53,24,15,7,0,27,26.9,26.9,0.03,,,,,,,,,,,,,,,,,,
4/28/2022,58,45,40,40,35.8,31,86,71,45,24,11.9,0,27,26.9,26.8,0,,,,,,,,,,,,,,,,,,
4/29/2022,58,46.5,34,35,27.7,20,86,53.7,23,15,8.1,3,27.2,27.1,27,0.01,,,,,,,,,,,,,,,,,,
4/30/2022,58,48.7,43,45,36.4,24,93,64.9,38,23,10.7,5,27.1,27,26.9,0,,,,,,,,,,,,,,,,,,
5/1/2022,65,49.4,43,45,40.6,38,93,74.7,40,20,11.8,0,26.9,26.9,26.9,0.39,,,,,,,,,,,,,,,,,,
5/2/2022,66,49.6,41,42,38,34,86,66.9,30,26,15.3,5,26.9,26.8,26.7,0,,,,,,,,,,,,,,,,,,
5/3/2022,64,47.9,38,44,38.8,35,93,73.8,43,25,15.9,7,27.1,27,26.9,0.57,,,,,,,,,,,,,,,,,,
5/4/2022,71,55.7,39,40,35.2,24,83,51.4,17,10,3.8,0,27.1,27.1,27,0.02,,,,,,,,,,,,,,,,,,
5/5/2022,70,62.7,53,47,39.1,33,72,43.6,26,29,13.3,0,27,26.9,26.8,0,,,,,,,,,,,,,,,,,,
5/6/2022,73,61.6,51,45,39.5,28,77,48.9,22,17,8.4,0,26.9,26.8,26.7,0,,,,,,,,,,,,,,,,,,
5/7/2022,57,48.3,41,44,37.1,32,83,67.3,42,26,11,0,26.9,26.9,26.8,0.08,,,,,,,,,,,,,,,,,,
5/8/2022,52,43,37,36,30.6,20,89,64.7,31,21,5.7,0,26.8,26.7,26.6,0.2,,,,,,,,,,,,,,,,,,
5/9/2022,43,37.1,33,37,32.6,28,92,84.3,58,16,8.9,0,27,26.8,26.7,0.19,,,,,,,,,,,,,,,,,,
5/10/2022,55,42.8,31,34,27.6,17,89,60.8,24,12,5.5,0,27.1,27.1,27,0.1,,,,,,,,,,,,,,,,,,
5/11/2022,60,47.1,36,34,31.3,27,82,57.5,28,17,8,3,27.1,27.1,27,0,,,,,,,,,,,,,,,,,,
5/12/2022,62,50.9,35,44,31.8,26,90,52.6,27,22,6.8,0,27.2,27.1,27,0,,,,,,,,,,,,,,,,,,
5/13/2022,62,53,45,43,37.3,30,86,59.5,30,12,5.2,0,27.2,27.1,27.1,0.21,,,,,,,,,,,,,,,,,,
5/14/2022,70,58.7,51,47,42.4,36,77,56,39,14,6,0,27.1,27.1,27.1,0,,,,,,,,,,,,,,,,,,
5/15/2022,84,68.1,50,49,44,38,80,46.5,19,20,9.7,0,27.1,27,26.8,0.01,,,,,,,,,,,,,,,,,,
5/16/2022,77,66.8,55,51,46.3,40,81,51.1,29,16,8.1,0,27,26.9,26.9,0,,,,,,,,,,,,,,,,,,
5/17/2022,73,60.6,48,43,36.3,21,74,44.8,14,16,8.6,3,27.1,27.1,27,0,,,,,,,,,,,,,,,,,,
5/18/2022,74,62.7,47,45,34.6,28,61,37.5,20,14,5.8,0,27.1,27.1,26.9,0,,,,,,,,,,,,,,,,,,
5/19/2022,58,51.6,42,43,26.3,15,61,39.6,20,25,18.4,9,27,27,27,0,,,,,,,,,,,,,,,,,,
5/20/2022,63,51.4,38,32,27.9,23,70,44,22,14,8.1,0,27.1,27,27,0,,,,,,,,,,,,,,,,,,
5/21/2022,66,55.1,42,34,29,20,65,39.9,17,22,7.5,0,27.1,27.1,27,0,,,,,,,,,,,,,,,,,,
5/22/2022,67,55.3,43,37,31,23,74,44.7,19,18,7.9,0,27.2,27.1,27.1,0,,,,,,,,,,,,,,,,,,
5/23/2022,71,58.8,46,34,29.7,25,58,35.6,20,13,6.8,0,27.2,27.1,27,0,,,,,,,,,,,,,,,,,,
5/24/2022,72,59.6,44,38,32.2,26,71,39.5,19,15,6.9,0,27.1,27,27,0,,,,,,,,,,,,,,,,,,
5/25/2022,82,68,51,40,34,26,52,30.7,18,9,5.3,0,27.1,27,26.9,0,,,,,,,,,,,,,,,,,,
5/26/2022,87,72.2,57,45,40.5,36,53,34.4,17,14,5.2,0,26.9,26.9,26.7,0,,,,,,,,,,,,,,,,,,
5/27/2022,76,65.8,56,55,47.4,37,90,55.2,25,14,5.3,0,27,26.9,26.9,0,,,,,,,,,,,,,,,,,,
5/28/2022,68,56.3,50,53,44.4,37,93,68.4,32,20,8.2,3,26.9,26.8,26.7,0.06,,,,,,,,,,,,,,,,,,
5/29/2022,51,48.9,47,46,42.4,38,90,78.6,66,21,14.2,0,26.9,26.8,26.7,0.28,,,,,,,,,,,,,,,,,,
5/30/2022,50,45.4,42,45,40.9,39,93,84.3,71,22,12.3,0,27.1,26.9,26.9,0.22,,,,,,,,,,,,,,,,,,
5/31/2022,66,53.2,45,45,43.3,40,93,71.8,41,6,2.3,0,27.2,27.1,27.1,0.16,,,,,,,,,,,,,,,,,,
6/1/2022,76,62.6,48,47,41.9,35,83,52.8,23,12,6.9,0,27.1,27.1,27,0,,,,,,,,,,,,,,,,,,
6/2/2022,85,78.7,71,44,38.5,30,36,24.8,15,13,9,6,26.9,26.8,26.8,0,,,,,,,,,,,,,,,,,,
6/3/2022,82,70.9,58,51,47.4,41,78,46.2,23,15,5.4,0,26.9,26.8,26.7,0,,,,,,,,,,,,,,,,,,
6/4/2022,68,62.5,56,52,48.8,46,87,61.6,45,13,7,0,26.9,26.9,26.8,0,,,,,,,,,,,,,,,,,,
6/5/2022,71,62.7,54,55,50.6,47,86,65.4,45,31,9.9,0,27,26.9,26.8,0.07,,,,,,,,,,,,,,,,,,
6/6/2022,71,59,48,52,45.7,38,93,65.7,30,14,5,0,27.1,27,26.9,0.13,,,,,,,,,,,,,,,,,,
6/7/2022,77,63.1,47,46,39.2,28,86,48.7,18,9,4,0,27.1,27.1,27,0,,,,,,,,,,,,,,,,,,
6/8/2022,71,64.4,60,57,46.8,35,78,54.3,35,12,5.7,0,27.1,27,27,0,,,,,,,,,,,,,,,,,,
6/9/2022,85,70.1,54,51,48,44,83,50.4,24,9,4.5,0,27.1,27,26.9,0.01,,,,,,,,,,,,,,,,,,
6/10/2022,90,76.4,61,56,49.1,44,65,41.6,22,12,7.2,0,27,27,26.9,0,,,,,,,,,,,,,,,,,,
6/11/2022,87,74.5,66,56,52.5,49,70,48.7,27,21,6.8,0,27,26.9,26.8,0,,,,,,,,,,,,,,,,,,
6/12/2022,65,58.5,52,57,53.7,44,94,84.7,68,22,6.9,0,26.9,26.8,26.7,0,,,,,,,,,,,,,,,,,,
6/13/2022,59,51.8,46,42,35.3,30,79,55.5,33,15,9.9,3,27.1,27,26.9,0.79,,,,,,,,,,,,,,,,,,
6/14/2022,61,51.1,0,38,32.3,0,79,48.5,0,23,8.8,0,27.1,27.1,27.1,0,,,,,,,,,,,,,,,,,,
6/15/2022,77,60.5,42,36,31.1,21,76,40.3,13,12,7.3,0,27.1,27.1,26.9,0,,,,,,,,,,,,,,,,,,
6/16/2022,90,72,55,45,36.1,26,47,29.9,10,17,10.4,0,26.9,26.8,26.6,0,,,,,,,,,,,,,,,,,,
6/17/2022,77,66.6,56,50,42.5,32,72,44.6,25,20,10.1,0,26.8,26.7,26.6,0,,,,,,,,,,,,,,,,,,
6/18/2022,75,64.1,52,42,38.8,31,64,41.8,21,17,10.2,0,26.9,26.8,26.7,0,,,,,,,,,,,,,,,,,,
6/19/2022,70,59,47,40,36.9,33,71,46.7,26,20,13.1,6,27.1,27,27,0,,,,,,,,,,,,,,,,,,
6/20/2022,73,61,47,42,39.2,34,77,47.8,24,16,8,0,27.2,27.2,27.1,0,,,,,,,,,,,,,,,,,,
6/21/2022,81,68.3,52,44,39.5,34,66,38.5,18,12,5.4,0,27.3,27.2,27.2,0,,,,,,,,,,,,,,,,,,
6/22/2022,89,74.7,57,44,38.4,32,62,31.9,13,12,6.4,0,27.2,27.1,26.9,0,,,,,,,,,,,,,,,,,,
6/23/2022,87,74.8,59,46,37.7,27,51,28.9,12,16,9.6,3,27,26.9,26.9,0,,,,,,,,,,,,,,,,,,
6/24/2022,81,68.6,54,40,33.5,24,51,30.3,13,21,9.1,0,27.1,27.1,27,0,,,,,,,,,,,,,,,,,,
6/25/2022,86,70.5,52,40,36.3,30,61,33.1,13,15,5.5,0,27.3,27.2,27.1,0,,,,,,,,,,,,,,,,,,
6/26/2022,93,77.4,59,43,35.1,22,53,26.8,8,13,5.9,0,27.2,27.2,27.1,0,,,,,,,,,,,,,,,,,,
6/27/2022,103,85,66,45,36.1,26,40,21.5,7,14,8.6,0,27.1,27.1,27,0,,,,,,,,,,,,,,,,,,
6/28/2022,98,83.9,67,45,35.3,24,45,21.5,8,16,8.9,0,27,27,26.9,0,,,,,,,,,,,,,,,,,,
6/29/2022,85,73.5,60,42,32.9,19,49,26,9,15,10.2,0,27.1,27.1,27,0,,,,,,,,,,,,,,,,,,
6/30/2022,93,76,59,40,32.4,25,46,23.3,9,12,5.5,0,27.1,27,26.9,0,,,,,,,,,,,,,,,,,,
7/1/2022,102,88.8,75,47,43.6,38,37,22.3,12,10,6.8,3,27,26.9,26.8,0,,,,,,,,,,,,,,,,,,
7/2/2022,87,81.2,74,60,54.3,50,62,40,29,17,8.5,0,27.1,27,26.9,0,,,,,,,,,,,,,,,,,,
7/3/2022,97,75.7,0,55,45,0,63,32.9,0,9,5.7,0,27.1,27,26.9,0.01,,,,,,,,,,,,,,,,,,
7/4/2022,99,87,74,47,42.3,30,37,23,9,13,6.2,0,27,26.9,26.8,0,,,,,,,,,,,,,,,,,,
7/5/2022,93,79.3,69,57,42.8,33,45,29.3,12,26,7.6,0,27,26.9,26.9,0,,,,,,,,,,,,,,,,,,
7/6/2022,89,78,67,60,38.6,10,59,30.8,5,16,7.7,0,27.1,27,26.9,0,,,,,,,,,,,,,,,,,,
7/7/2022,95,78.5,60,37,31.8,25,39,20.5,9,15,6.8,0,27.2,27.1,27.1,0,,,,,,,,,,,,,,,,,,
7/8/2022,102,85.7,68,38,32.3,25,29,16.7,7,13,5.6,0,27.1,27,26.9,0,,,,,,,,,,,,,,,,,,
7/9/2022,98,85.3,79,60,43.8,33,52,25.1,12,16,9.4,3,27.1,27,27,0,,,,,,,,,,,,,,,,,,
7/10/2022,91,78.9,69,66,59.3,51,81,54.3,25,13,5,0,27.1,27.1,27,0,,,,,,,,,,,,,,,,,,
7/11/2022,98,83.7,71,60,54.6,46,59,39.2,18,12,5.9,0,27.1,27.1,27,0.04,,,,,,,,,,,,,,,,,,
7/12/2022,97,84.8,71,61,55.3,49,51,37.8,21,15,6.1,0,27,27,26.9,0,,,,,,,,,,,,,,,,,,
7/13/2022,95,81.3,67,58,43.3,24,54,30.5,8,15,7.3,0,27.1,27,26.9,0,,,,,,,,,,,,,,,,,,
7/14/2022,96,77.5,61,46,41.3,34,50,30.8,12,16,5.2,0,27.1,27,27,0,,,,,,,,,,,,,,,,,,
7/15/2022,99,79.7,62,43,38.5,31,43,25.3,10,12,5,0,27.1,27,26.9,0,,,,,,,,,,,,,,,,,,
7/16/2022,101,83.4,66,45,37.5,29,40,21.4,8,9,5.4,0,27,27,26.9,0,,,,,,,,,,,,,,,,,,
7/17/2022,102,85.4,69,49,37.5,31,33,20,8,12,4.8,0,27.1,27,26.9,0,,,,,,,,,,,,,,,,,,
7/18/2022,97,86,71,49,38.4,31,31,19.5,10,14,7,0,27,27,26.9,0,,,,,,,,,,,,,,,,,,
7/19/2022,96,82.9,75,60,51.7,47,55,35.6,19,17,7.1,0,27,26.9,26.9,0,,,,,,,,,,,,,,,,,,
7/20/2022,96,82.3,69,59,51.8,47,59,37.3,19,13,7,0,27,26.9,26.9,0.04,,,,,,,,,,,,,,,,,,
7/21/2022,100,85.4,70,54,45.1,29,57,28.7,8,12,4.9,0,27.1,27,26.9,0,,,,,,,,,,,,,,,,,,
7/22/2022,97,84.4,71,50,42.2,35,36,23.4,13,16,8.3,3,27.1,27,26.9,0,,,,,,,,,,,,,,,,,,
7/23/2022,96,81.7,67,47,44,37,42,28.2,13,12,5.7,0,27,26.9,26.9,0,,,,,,,,,,,,,,,,,,
7/24/2022,101,84.3,67,50,38.6,30,50,23.2,8,12,6,0,26.9,26.9,26.8,0,,,,,,,,,,,,,,,,,,
7/25/2022,95,82,68,49,43.9,33,45,27.6,15,14,7.6,3,27,27,26.9,0,,,,,,,,,,,,,,,,,,
7/26/2022,95,80.5,66,49,43.3,38,51,29.8,14,9,4,0,27,26.9,26.8,0,,,,,,,,,,,,,,,,,,
7/27/2022,84,74.5,65,48,42.8,37,48,33.5,21,14,7.8,3,26.9,26.9,26.8,0,,,,,,,,,,,,,,,,,,
7/28/2022,84,69.5,56,39,31.9,25,40,27.2,12,12,6,0,27,26.9,26.9,0,,,,,,,,,,,,,,,,,,
7/29/2022,94,76.6,59,43,35.3,32,41,24.6,12,9,4.6,0,27.1,27,27,0,,,,,,,,,,,,,,,,,,
7/30/2022,98,81.2,64,47,38.5,32,42,23.8,11,13,6,0,27.2,27.1,27,0,,,,,,,,,,,,,,,,,,
7/31/2022,105,87.3,72,50,37.2,30,34,18.7,8,13,6.8,0,27.1,27,26.9,0,,,,,,,,,,,,,,,,,,
8/1/2022,102,88.8,75,47,43.6,38,37,22.3,12,10,6.8,3,27,26.9,26.8,0,,,,,,,,,,,,,,,,,,
8/2/2022,87,81.2,74,60,54.3,50,62,40,29,17,8.5,0,27.1,27,26.9,0,,,,,,,,,,,,,,,,,,
8/3/2022,97,75.7,0,55,45,0,63,32.9,0,9,5.7,0,27.1,27,26.9,0.01,,,,,,,,,,,,,,,,,,
8/4/2022,99,87,74,47,42.3,30,37,23,9,13,6.2,0,27,26.9,26.8,0,,,,,,,,,,,,,,,,,,
8/5/2022,93,79.3,69,57,42.8,33,45,29.3,12,26,7.6,0,27,26.9,26.9,0,,,,,,,,,,,,,,,,,,
8/6/2022,89,78,67,60,38.6,10,59,30.8,5,16,7.7,0,27.1,27,26.9,0,,,,,,,,,,,,,,,,,,
8/7/2022,95,78.5,60,37,31.8,25,39,20.5,9,15,6.8,0,27.2,27.1,27.1,0,,,,,,,,,,,,,,,,,,
8/8/2022,102,85.7,68,38,32.3,25,29,16.7,7,13,5.6,0,27.1,27,26.9,0,,,,,,,,,,,,,,,,,,
8/9/2022,98,85.3,79,60,43.8,33,52,25.1,12,16,9.4,3,27.1,27,27,0,,,,,,,,,,,,,,,,,,
8/10/2022,91,78.9,69,66,59.3,51,81,54.3,25,13,5,0,27.1,27.1,27,0,,,,,,,,,,,,,,,,,,
8/11/2022,98,83.7,71,60,54.6,46,59,39.2,18,12,5.9,0,27.1,27.1,27,0.04,,,,,,,,,,,,,,,,,,
8/12/2022,97,84.8,71,61,55.3,49,51,37.8,21,15,6.1,0,27,27,26.9,0,,,,,,,,,,,,,,,,,,
8/13/2022,95,81.3,67,58,43.3,24,54,30.5,8,15,7.3,0,27.1,27,26.9,0,,,,,,,,,,,,,,,,,,
8/14/2022,96,77.5,61,46,41.3,34,50,30.8,12,16,5.2,0,27.1,27,27,0,,,,,,,,,,,,,,,,,,
8/15/2022,99,79.7,62,43,38.5,31,43,25.3,10,12,5,0,27.1,27,26.9,0,,,,,,,,,,,,,,,,,,
8/16/2022,101,83.4,66,45,37.5,29,40,21.4,8,9,5.4,0,27,27,26.9,0,,,,,,,,,,,,,,,,,,
8/17/2022,102,85.4,69,49,37.5,31,33,20,8,12,4.8,0,27.1,27,26.9,0,,,,,,,,,,,,,,,,,,
8/18/2022,97,86,71,49,38.4,31,31,19.5,10,14,7,0,27,27,26.9,0,,,,,,,,,,,,,,,,,,
8/19/2022,96,82.9,75,60,51.7,47,55,35.6,19,17,7.1,0,27,26.9,26.9,0,,,,,,,,,,,,,,,,,,
8/20/2022,96,82.3,69,59,51.8,47,59,37.3,19,13,7,0,27,26.9,26.9,0.04,,,,,,,,,,,,,,,,,,
8/21/2022,100,85.4,70,54,45.1,29,57,28.7,8,12,4.9,0,27.1,27,26.9,0,,,,,,,,,,,,,,,,,,
8/22/2022,97,84.4,71,50,42.2,35,36,23.4,13,16,8.3,3,27.1,27,26.9,0,,,,,,,,,,,,,,,,,,
8/23/2022,96,81.7,67,47,44,37,42,28.2,13,12,5.7,0,27,26.9,26.9,0,,,,,,,,,,,,,,,,,,
8/24/2022,101,84.3,67,50,38.6,30,50,23.2,8,12,6,0,26.9,26.9,26.8,0,,,,,,,,,,,,,,,,,,
8/25/2022,95,82,68,49,43.9,33,45,27.6,15,14,7.6,3,27,27,26.9,0,,,,,,,,,,,,,,,,,,
8/26/2022,95,80.5,66,49,43.3,38,51,29.8,14,9,4,0,27,26.9,26.8,0,,,,,,,,,,,,,,,,,,
8/27/2022,84,74.5,65,48,42.8,37,48,33.5,21,14,7.8,3,26.9,26.9,26.8,0,,,,,,,,,,,,,,,,,,
8/28/2022,84,69.5,56,39,31.9,25,40,27.2,12,12,6,0,27,26.9,26.9,0,,,,,,,,,,,,,,,,,,
8/29/2022,94,76.6,59,43,35.3,32,41,24.6,12,9,4.6,0,27.1,27,27,0,,,,,,,,,,,,,,,,,,
8/30/2022,98,81.2,64,47,38.5,32,42,23.8,11,13,6,0,27.2,27.1,27,0,,,,,,,,,,,,,,,,,,
8/31/2022,105,87.3,72,50,37.2,30,34,18.7,8,13,6.8,0,27.1,27,26.9,0,,,,,,,,,,,,,,,,,,0
9/1/2022,97,80.7,65,50,36.3,14,52,25.1,5,13,5.8,0,27.1,27,26.9,0,,,,,,,,,,,,,,,,,,0
9/2/2022,100,81.6,64,30,22,5,28,13.8,3,12,6,0,27.1,27,26.9,0,,,,,,,,,,,,,,,,,,0
9/3/2022,102,84.3,67,41,29.5,22,27,14.9,7,13,7.8,3,27,27,26.9,0,,,,,,,,,,,,,,,,,,0
9/4/2022,97,79.3,62,44,37,25,45,25.3,8,10,5.3,0,27.1,27,26.9,0,,,,,,,,,,,,,,,,,,0
9/5/2022,95,78,63,41,34.1,28,34,21.6,11,12,6,0,27.1,27,27,0,,,,,,,,,,,,,,,,,,0
9/6/2022,100,81.2,64,48,37.3,30,35,21.8,12,10,5.5,0,27.1,27,27,0,,,,,,,,,,,,,,,,,,0
9/7/2022,104,85.7,70,47,39.1,29,41,21.4,8,22,8.6,0,27.1,27,27,0,,,,,,,,,,,,,,,,,,0.07
9/8/2022,84,73.8,63,52,30.6,6,53,26.1,7,20,10.6,0,27.1,27,27,0,,,,,,,,,,,,,,,,,,0
9/9/2022,77,62.4,47,30,25.7,20,52,27.4,12,13,4.4,0,27.1,27,26.9,0,,,,,,,,,,,,,,,,,,
9/10/2022,84,66.4,55,36,27.1,24,31,23.8,12,15,7.6,0,27.1,27.1,27,0,,,,,,,,,,,,,,,,,,
9/11/2022,87,70.3,55,36,27.9,20,42,22.8,10,13,6.6,0,27.2,27.1,27,0,,,,,,,,,,,,,,,,,,
9/12/2022,84,70.9,60,38,30.2,23,32,22.8,13,13,7,0,27.1,27,26.9,0,,,,,,,,,,,,,,,,,,
9/13/2022,77,69.1,63,57,49.5,36,81,51.2,32,15,7,0,26.9,26.9,26.8,0,,,,,,,,,,,,,,,,,,
9/14/2022,81,69.2,57,53,51.2,48,81,55.5,31,10,4.8,0,26.9,26.9,26.8,0.07,,,,,,,,,,,,,,,,,,
9/15/2022,81,70.9,62,53,49,45,70,47.5,28,18,6,0,27,26.9,26.9,0,,,,,,,,,,,,,,,,,,
,,,,,,,,,,,,,,,,,,,,,,,,,,,,,,,,,,
,,,,,,,,,,,,,,,,,,,,,,,,,,,,,,,,,,
"Boise, ID Weather History | Weather Underground (wunderground.com) https://www.wunderground.com/history/monthly/us/id/boise/KBOI/date/2022-9",,,,,,,,,,,,,,,,,,,,,,,,,,,,,,,,,,
