Date,Temp_Avg,Dew_Pt_Avg,Humidity_Avg,Wind_Speed_Avg,Pressure_Avg,Precipitation,Moon_First_Q,Full_Moon,New_Moon,Moon_Third_Q,Sunspot_Number,Futures
2020-09-01,66.8,41.3,42.6,5.8,27.1,0.0,0.0,1.0,0.0,0.0,0.0,555.75
2020-09-02,76.3,41.9,32.8,6.0,27.1,0.0,0.0,1.0,0.0,0.0,0.0,547.75
2020-09-03,77.4,40.5,28.3,6.4,27.1,0.0,0.0,1.0,0.0,0.0,0.0,543.25
2020-09-04,82.2,37.9,23.3,7.2,27.1,0.0,0.0,1.0,0.0,0.0,0.0,539.75
2020-09-05,82.6,38.2,22.1,7.2,27.1,0.0,0.0,1.0,0.0,0.0,0.0,765.91
2020-09-06,76.8,32.7,23.6,5.3,27.1,0.0,0.0,1.0,0.0,0.0,0.0,765.91
2020-09-07,71.0,31.3,23.4,16.8,27.0,0.0,0.0,1.0,0.0,0.0,0.0,765.91
2020-09-08,58.2,21.2,25.1,8.3,27.2,0.0,0.0,1.0,0.0,0.0,0.0,533.25
2020-09-09,62.3,19.2,21.7,7.0,27.2,0.0,0.0,1.0,0.0,0.0,0.0,534.0
2020-09-10,68.3,23.0,20.2,6.6,27.1,0.0,0.0,0.0,0.0,1.0,0.0,540.0
2020-09-11,69.5,30.4,25.4,5.9,27.1,0.0,0.0,0.0,0.0,1.0,0.0,533.75
2020-09-12,68.6,32.8,28.4,5.8,27.0,0.0,0.0,0.0,0.0,1.0,0.0,765.91
2020-09-13,70.6,35.4,28.5,5.3,27.0,0.0,0.0,0.0,0.0,1.0,0.0,765.91
2020-09-14,72.0,34.0,26.1,5.0,27.0,0.0,0.0,0.0,0.0,1.0,2.0,548.5
2020-09-15,70.5,33.0,26.9,5.0,27.1,0.0,0.0,0.0,0.0,1.0,0.0,538.25
2020-09-16,69.1,36.9,31.9,5.4,27.1,0.0,0.0,0.0,0.0,1.0,0.0,542.0
2020-09-17,70.3,37.6,32.6,5.8,27.0,0.0,0.0,0.0,1.0,0.0,0.0,556.25
2020-09-18,67.2,42.8,42.5,11.5,26.9,0.0,0.0,0.0,1.0,0.0,0.0,575.0
2020-09-19,63.8,44.3,51.5,6.2,27.0,0.0,0.0,0.0,1.0,0.0,0.0,765.91
2020-09-20,64.0,39.3,43.7,5.3,27.1,0.0,0.0,0.0,1.0,0.0,0.0,765.91
2020-09-21,71.0,32.1,28.3,9.2,27.0,0.0,0.0,0.0,1.0,0.0,0.0,554.75
2020-09-22,68.9,33.1,27.3,6.7,27.0,0.0,0.0,0.0,1.0,0.0,0.0,558.0
2020-09-23,72.4,32.4,25.2,8.8,27.0,0.0,1.0,0.0,0.0,0.0,7.0,549.0
2020-09-24,66.0,38.5,37.4,9.6,27.0,0.0,1.0,0.0,0.0,0.0,5.0,549.75
2020-09-25,62.7,41.3,48.5,5.0,27.0,0.0,1.0,0.0,0.0,0.0,4.0,544.25
2020-09-26,60.0,46.2,63.4,8.0,27.1,0.03,1.0,0.0,0.0,0.0,0.0,765.91
2020-09-27,55.9,37.8,54.4,7.8,27.3,0.0,1.0,0.0,0.0,0.0,0.0,765.91
2020-09-28,59.9,35.0,42.4,5.3,27.4,0.0,1.0,0.0,0.0,0.0,0.0,550.25
2020-09-29,63.5,37.4,41.1,4.5,27.3,0.0,1.0,0.0,0.0,0.0,0.0,549.5
2020-09-30,64.2,38.1,40.4,6.5,27.2,0.0,1.0,0.0,0.0,0.0,0.0,578.0
2020-10-01,66.8,36.2,34.3,5.8,27.2,0.0,0.0,1.0,0.0,0.0,0.0,570.25
2020-10-02,66.3,36.3,34.8,5.1,27.2,0.0,0.0,1.0,0.0,0.0,0.0,573.25
2020-10-03,66.8,34.7,32.3,5.3,27.1,0.0,0.0,1.0,0.0,0.0,0.0,765.91
2020-10-04,67.3,34.4,32.0,6.0,27.1,0.0,0.0,1.0,0.0,0.0,0.0,765.91
2020-10-05,63.2,32.3,34.3,5.6,27.2,0.0,0.0,1.0,0.0,0.0,0.0,584.25
2020-10-06,65.6,33.5,32.1,6.3,27.1,0.0,0.0,1.0,0.0,0.0,0.0,592.75
2020-10-07,65.5,34.5,33.6,4.6,27.0,0.0,0.0,1.0,0.0,0.0,0.0,607.5
2020-10-08,66.7,28.9,26.2,6.1,26.9,0.0,0.0,1.0,0.0,0.0,6.0,595.25
2020-10-09,62.1,25.3,25.5,5.3,26.9,0.0,0.0,0.0,0.0,1.0,20.0,593.75
2020-10-10,55.4,35.1,55.8,9.9,26.9,0.0,0.0,0.0,0.0,1.0,18.0,765.91
2020-10-11,50.8,37.3,62.1,6.2,27.1,0.38,0.0,0.0,0.0,1.0,20.0,765.91
2020-10-12,59.0,38.1,46.8,8.6,27.1,0.0,0.0,0.0,0.0,1.0,14.0,594.25
2020-10-13,57.1,42.9,59.8,9.0,27.1,0.0,0.0,0.0,0.0,1.0,0.0,594.0
2020-10-14,52.4,33.4,50.8,9.5,27.3,0.0,0.0,0.0,0.0,1.0,4.0,596.75
2020-10-15,46.5,30.8,57.7,5.2,27.4,0.0,0.0,0.0,0.0,1.0,13.0,618.25
2020-10-16,52.3,29.3,45.3,3.5,27.2,0.0,0.0,0.0,1.0,0.0,13.0,625.25
2020-10-17,56.8,37.9,50.8,6.0,27.1,0.0,0.0,0.0,1.0,0.0,14.0,765.91
2020-10-18,57.0,37.3,49.9,4.6,27.1,0.0,0.0,0.0,1.0,0.0,21.0,765.91
2020-10-19,56.0,39.1,55.9,4.3,27.1,0.0,0.0,0.0,1.0,0.0,17.0,627.0
2020-10-20,53.8,38.0,56.0,5.8,27.1,0.0,0.0,0.0,1.0,0.0,14.0,632.0
2020-10-21,53.3,33.2,49.1,9.9,27.0,0.0,0.0,0.0,1.0,0.0,14.0,629.75
2020-10-22,40.9,20.9,49.4,10.0,27.2,0.0,0.0,0.0,1.0,0.0,12.0,622.75
2020-10-23,44.0,11.8,31.3,9.9,27.1,0.0,1.0,0.0,0.0,0.0,17.0,632.75
2020-10-24,46.5,27.8,51.8,13.4,26.9,0.0,1.0,0.0,0.0,0.0,18.0,765.91
2020-10-25,33.0,12.6,47.3,11.2,27.2,0.03,1.0,0.0,0.0,0.0,19.0,765.91
2020-10-26,31.4,9.3,43.8,5.0,27.3,0.0,1.0,0.0,0.0,0.0,22.0,620.0
2020-10-27,40.9,19.8,44.2,4.0,27.3,0.0,1.0,0.0,0.0,0.0,41.0,615.75
2020-10-28,47.0,27.6,50.8,4.8,27.2,0.0,1.0,0.0,0.0,0.0,35.0,608.75
2020-10-29,57.2,29.5,36.2,3.0,27.1,0.0,1.0,0.0,0.0,0.0,42.0,603.75
2020-10-30,54.0,25.9,38.6,6.0,27.0,0.0,1.0,0.0,0.0,0.0,34.0,598.5
2020-10-31,45.0,29.2,56.2,4.1,27.3,0.0,0.0,1.0,0.0,0.0,26.0,765.91
2020-11-01,48.3,43.5,84.1,5.9,27.1,0.0,0.0,1.0,0.0,0.0,5.0,765.91
2020-11-02,51.7,45.6,81.1,3.1,27.2,0.16,0.0,1.0,0.0,0.0,9.0,607.5
2020-11-03,52.3,41.1,67.8,6.9,27.2,0.0,0.0,1.0,0.0,0.0,16.0,608.0
2020-11-04,55.8,41.6,59.5,11.5,27.0,0.0,0.0,1.0,0.0,0.0,26.0,606.0
2020-11-05,53.4,34.3,52.3,11.3,27.0,0.03,0.0,1.0,0.0,0.0,31.0,609.25
2020-11-06,51.4,37.8,61.0,3.1,27.0,0.0,0.0,1.0,0.0,0.0,41.0,602.0
2020-11-07,43.1,29.7,61.0,4.7,27.2,0.02,0.0,1.0,0.0,0.0,38.0,765.91
2020-11-08,40.3,23.1,51.6,10.0,27.1,0.0,0.0,0.0,0.0,1.0,44.0,765.91
2020-11-09,44.1,38.0,79.9,8.9,27.0,0.0,0.0,0.0,0.0,1.0,29.0,597.5
2020-11-10,41.8,31.2,68.6,4.0,27.3,0.41,0.0,0.0,0.0,1.0,29.0,608.5
2020-11-11,45.0,37.6,76.4,5.0,27.3,0.0,0.0,0.0,0.0,1.0,29.0,598.0
2020-11-12,48.2,43.1,83.2,3.0,27.3,0.01,0.0,0.0,0.0,1.0,32.0,588.25
2020-11-13,48.8,43.4,83.1,4.9,27.3,0.01,0.0,0.0,0.0,1.0,26.0,593.5
2020-11-14,52.9,42.1,67.5,8.2,27.2,0.0,0.0,0.0,1.0,0.0,20.0,765.91
2020-11-15,54.3,38.4,55.8,9.7,27.0,0.0,0.0,0.0,1.0,0.0,5.0,765.91
2020-11-16,41.1,23.3,50.5,13.8,27.2,0.0,0.0,0.0,1.0,0.0,0.0,598.0
2020-11-17,33.0,18.7,58.3,6.6,27.4,0.0,0.0,0.0,1.0,0.0,10.0,595.25
2020-11-18,39.1,22.5,52.4,7.3,27.1,0.0,0.0,0.0,1.0,0.0,13.0,597.75
2020-11-19,45.6,39.8,80.4,9.9,27.1,0.13,0.0,0.0,1.0,0.0,13.0,591.75
2020-11-20,38.8,31.8,76.4,5.6,27.4,0.14,0.0,0.0,1.0,0.0,13.0,593.25
2020-11-21,37.3,29.5,74.3,7.8,27.5,0.0,1.0,0.0,0.0,0.0,26.0,765.91
2020-11-22,36.9,27.7,71.1,2.8,27.2,0.0,1.0,0.0,0.0,0.0,34.0,765.91
2020-11-23,34.7,29.6,81.7,6.1,27.0,0.0,1.0,0.0,0.0,0.0,48.0,598.75
2020-11-24,34.3,25.8,72.0,4.7,27.4,0.08,1.0,0.0,0.0,0.0,44.0,611.25
2020-11-25,37.0,24.6,63.0,6.9,27.5,0.0,1.0,0.0,0.0,0.0,53.0,588.25
2020-11-26,37.6,28.7,70.5,3.4,27.3,0.0,1.0,0.0,0.0,0.0,58.0,587.88
2020-11-27,39.6,32.1,75.5,2.1,27.3,0.0,1.0,0.0,0.0,0.0,75.0,596.5
2020-11-28,40.7,33.7,77.4,2.3,27.3,0.0,1.0,0.0,0.0,0.0,86.0,765.91
2020-11-29,38.9,33.4,81.8,2.7,27.3,0.0,1.0,0.0,0.0,0.0,96.0,765.91
2020-11-30,40.0,33.4,78.1,4.1,27.3,0.0,0.0,1.0,0.0,0.0,87.0,580.25
2020-12-01,26.1,22.1,86.3,3.2,27.4,0.0,0.0,1.0,0.0,0.0,56.0,565.5
2020-12-02,32.1,20.0,62.5,8.5,27.5,0.0,0.0,1.0,0.0,0.0,48.0,578.0
2020-12-03,29.4,17.3,62.1,4.9,27.4,0.0,0.0,1.0,0.0,0.0,45.0,571.75
2020-12-04,28.1,17.6,66.1,5.2,27.5,0.0,0.0,1.0,0.0,0.0,41.0,566.5
2020-12-05,29.1,17.2,63.5,5.1,27.4,0.0,0.0,1.0,0.0,0.0,37.0,765.91
2020-12-06,28.1,19.9,72.8,2.9,27.4,0.0,0.0,1.0,0.0,0.0,25.0,765.91
2020-12-07,31.9,21.3,66.5,6.4,27.5,0.0,0.0,0.0,0.0,1.0,21.0,571.25
2020-12-08,31.2,21.3,68.6,3.8,27.4,0.0,0.0,0.0,0.0,1.0,14.0,563.75
2020-12-09,28.6,20.4,72.4,4.1,27.2,0.0,0.0,0.0,0.0,1.0,14.0,577.0
2020-12-10,29.4,20.7,71.8,5.2,27.1,0.0,0.0,0.0,0.0,1.0,12.0,590.25
2020-12-11,29.6,21.7,73.7,3.9,27.0,0.0,0.0,0.0,0.0,1.0,12.0,608.25
2020-12-12,25.8,18.0,73.8,5.0,27.1,0.0,0.0,0.0,0.0,1.0,11.0,765.91
2020-12-13,30.6,23.1,76.0,11.2,27.1,0.0,0.0,0.0,0.0,1.0,11.0,765.91
2020-12-14,29.1,26.7,91.1,7.2,27.2,0.05,0.0,0.0,1.0,0.0,13.0,593.5
2020-12-15,32.2,28.2,85.3,8.7,27.2,0.0,0.0,0.0,1.0,0.0,20.0,599.75
2020-12-16,33.6,32.0,94.4,4.1,27.1,0.02,0.0,0.0,1.0,0.0,14.0,598.5
2020-12-17,38.7,35.2,87.9,7.8,26.9,0.05,0.0,0.0,1.0,0.0,13.0,608.75
2020-12-18,37.4,28.2,70.2,5.8,27.3,0.07,0.0,0.0,1.0,0.0,7.0,608.25
2020-12-19,39.8,28.2,63.8,8.5,27.3,0.0,0.0,0.0,1.0,0.0,0.0,765.91
2020-12-20,42.6,37.3,81.5,10.0,27.2,0.01,0.0,0.0,1.0,0.0,0.0,765.91
2020-12-21,49.8,38.8,67.4,13.0,27.0,0.05,1.0,0.0,0.0,0.0,12.0,611.25
2020-12-22,37.1,24.6,61.4,15.6,27.1,0.02,1.0,0.0,0.0,0.0,12.0,617.0
2020-12-23,28.5,17.8,66.0,3.8,27.5,0.0,1.0,0.0,0.0,0.0,24.0,629.75
2020-12-24,30.5,16.3,56.8,9.3,27.4,0.0,1.0,0.0,0.0,0.0,28.0,627.0
2020-12-25,31.3,18.8,61.0,5.3,27.1,0.0,1.0,0.0,0.0,0.0,31.0,627.1
2020-12-26,34.4,32.2,92.2,5.9,27.1,0.08,1.0,0.0,0.0,0.0,35.0,765.91
2020-12-27,27.4,26.5,96.2,2.8,27.2,0.2,1.0,0.0,0.0,0.0,33.0,765.91
2020-12-28,25.1,22.9,91.6,4.5,27.1,0.0,1.0,0.0,0.0,0.0,30.0,614.25
2020-12-29,23.7,21.3,90.3,4.8,27.2,0.0,0.0,1.0,0.0,0.0,32.0,618.5
2020-12-30,28.2,22.4,79.3,7.9,27.2,0.0,0.0,1.0,0.0,0.0,32.0,640.75
2020-12-31,32.2,29.3,89.5,3.0,27.2,0.0,0.0,1.0,0.0,0.0,34.0,640.5
2021-01-01,36.6,28.7,74.7,8.8,27.2,0.02,0.0,1.0,0.0,0.0,24.0,641.75
2021-01-02,38.5,30.6,74.1,8.5,27.1,0.02,0.0,1.0,0.0,0.0,17.0,765.91
2021-01-03,40.6,35.4,82.2,9.3,27.1,0.12,0.0,1.0,0.0,0.0,0.0,765.91
2021-01-04,41.8,34.8,77.4,13.3,26.9,0.19,0.0,1.0,0.0,0.0,0.0,642.0
2021-01-05,37.6,28.8,72.5,5.4,27.2,0.26,0.0,1.0,0.0,0.0,0.0,654.0
2021-01-06,37.8,25.2,61.4,10.3,27.2,0.0,0.0,0.0,0.0,1.0,0.0,647.5
2021-01-07,35.8,33.9,93.1,4.5,27.3,0.08,0.0,0.0,0.0,1.0,0.0,642.25
2021-01-08,32.5,30.8,93.7,6.4,27.2,0.1,0.0,0.0,0.0,1.0,0.0,638.75
2021-01-09,32.5,30.3,92.3,3.9,27.4,0.04,0.0,0.0,0.0,1.0,0.0,765.91
2021-01-10,33.0,23.7,69.3,9.0,27.4,0.0,0.0,0.0,0.0,1.0,0.0,765.91
2021-01-11,31.3,21.5,68.0,7.1,27.3,0.0,0.0,0.0,0.0,1.0,0.0,634.75
2021-01-12,36.5,30.0,77.6,11.3,27.2,0.0,0.0,0.0,1.0,0.0,0.0,665.0
2021-01-13,43.0,33.4,70.3,12.5,27.3,0.16,0.0,0.0,1.0,0.0,0.0,660.5
2021-01-14,35.2,22.3,61.9,3.9,27.5,0.06,0.0,0.0,1.0,0.0,3.0,670.0
2021-01-15,30.0,28.7,94.7,2.7,27.4,0.0,0.0,0.0,1.0,0.0,14.0,675.5
2021-01-16,29.7,28.0,93.5,1.9,27.4,0.0,0.0,0.0,1.0,0.0,12.0,765.91
2021-01-17,34.0,30.9,88.4,4.0,27.3,0.0,0.0,0.0,1.0,0.0,14.0,765.91
2021-01-18,32.1,27.6,85.5,3.9,27.3,0.0,0.0,0.0,1.0,0.0,12.0,765.91
2021-01-19,30.6,20.0,67.1,3.8,27.4,0.0,0.0,0.0,1.0,0.0,20.0,672.25
2021-01-20,32.0,18.0,57.9,5.4,27.2,0.0,1.0,0.0,0.0,0.0,21.0,667.75
2021-01-21,33.5,28.9,84.6,3.2,27.0,0.0,1.0,0.0,0.0,0.0,25.0,660.75
2021-01-22,33.2,32.4,97.2,3.2,26.9,0.03,1.0,0.0,0.0,0.0,35.0,634.5
2021-01-23,31.3,26.9,86.0,8.1,26.9,0.01,1.0,0.0,0.0,0.0,32.0,765.91
2021-01-24,31.0,19.4,63.3,10.4,26.8,0.0,1.0,0.0,0.0,0.0,23.0,765.91
2021-01-25,30.3,21.3,70.1,5.8,26.8,0.0,1.0,0.0,0.0,0.0,27.0,648.5
2021-01-26,29.6,21.2,72.6,7.1,26.8,0.0,1.0,0.0,0.0,0.0,17.0,665.25
2021-01-27,39.4,24.3,56.1,21.2,26.8,0.0,1.0,0.0,0.0,0.0,20.0,658.25
2021-01-28,45.2,29.0,54.2,16.0,26.8,0.0,0.0,1.0,0.0,0.0,7.0,647.0
2021-01-29,37.0,35.3,94.0,3.1,26.8,0.01,0.0,1.0,0.0,0.0,0.0,663.0
2021-01-30,38.8,28.4,68.6,5.6,27.1,0.31,0.0,1.0,0.0,0.0,0.0,765.91
2021-01-31,42.2,24.2,50.2,14.2,27.2,0.0,0.0,1.0,0.0,0.0,0.0,765.91
2021-02-01,44.0,25.8,50.8,12.9,27.1,0.0,0.0,1.0,0.0,0.0,0.0,651.0
2021-02-02,47.0,30.3,55.2,14.3,26.9,0.0,0.0,1.0,0.0,0.0,9.0,644.75
2021-02-03,35.4,30.6,83.3,4.4,27.0,0.11,0.0,1.0,0.0,0.0,7.0,648.25
2021-02-04,32.8,26.2,79.1,3.8,27.3,0.02,0.0,0.0,0.0,1.0,0.0,637.5
2021-02-05,40.8,29.5,64.7,9.3,27.1,0.0,0.0,0.0,0.0,1.0,0.0,641.25
2021-02-06,40.6,24.6,57.0,7.7,27.0,0.01,0.0,0.0,0.0,1.0,0.0,765.91
2021-02-07,38.5,21.5,52.4,7.6,26.9,0.0,0.0,0.0,0.0,1.0,0.0,765.91
2021-02-08,32.6,18.9,59.2,4.0,26.9,0.0,0.0,0.0,0.0,1.0,2.0,655.75
2021-02-09,34.7,19.0,55.1,3.4,27.0,0.0,0.0,0.0,0.0,1.0,2.0,649.5
2021-02-10,33.5,15.4,50.8,4.4,27.0,0.0,0.0,0.0,0.0,1.0,0.0,635.5
2021-02-11,32.9,28.6,84.8,1.4,27.0,0.0,0.0,0.0,1.0,0.0,0.0,633.5
2021-02-12,29.1,27.9,95.1,6.0,26.9,0.26,0.0,0.0,1.0,0.0,0.0,636.75
2021-02-13,28.1,26.4,93.7,4.6,26.8,0.34,0.0,0.0,1.0,0.0,0.0,765.91
2021-02-14,24.6,20.8,85.8,5.1,27.0,0.38,0.0,0.0,1.0,0.0,0.0,637.25
2021-02-15,33.9,32.0,92.5,10.0,26.8,0.07,0.0,0.0,1.0,0.0,0.0,637.75
2021-02-16,35.8,30.0,80.2,7.8,26.9,0.26,0.0,0.0,1.0,0.0,0.0,657.5
2021-02-17,32.9,24.5,71.9,9.1,27.1,0.02,0.0,0.0,1.0,0.0,0.0,644.0
2021-02-18,29.6,21.6,73.9,11.4,27.3,0.0,0.0,0.0,1.0,0.0,10.0,662.5
2021-02-19,35.2,31.2,85.7,11.2,27.1,0.07,1.0,0.0,0.0,0.0,9.0,650.75
2021-02-20,33.7,30.4,88.5,7.8,27.1,0.09,1.0,0.0,0.0,0.0,9.0,765.91
2021-02-21,34.9,27.4,75.4,5.7,27.4,0.0,1.0,0.0,0.0,0.0,10.0,765.91
2021-02-22,42.0,31.0,66.2,9.3,27.3,0.0,1.0,0.0,0.0,0.0,16.0,664.0
2021-02-23,39.4,22.7,53.1,10.1,27.2,0.0,1.0,0.0,0.0,0.0,36.0,665.75
2021-02-24,33.4,23.6,68.9,10.6,27.3,0.0,1.0,0.0,0.0,0.0,38.0,680.25
2021-02-25,30.8,17.5,59.1,10.9,27.2,0.0,1.0,0.0,0.0,0.0,34.0,671.75
2021-02-26,34.0,24.1,68.3,14.2,26.9,0.0,1.0,0.0,0.0,0.0,18.0,655.0
2021-02-27,31.3,23.6,75.2,6.7,27.0,0.02,0.0,1.0,0.0,0.0,17.0,765.91
2021-02-28,31.3,16.6,55.8,5.4,27.3,0.01,0.0,1.0,0.0,0.0,13.0,765.91
2021-03-01,39.1,21.9,52.3,11.5,27.2,0.0,0.0,1.0,0.0,0.0,10.0,643.75
2021-03-02,42.0,24.5,51.8,6.3,27.1,0.0,0.0,1.0,0.0,0.0,16.0,663.25
2021-03-03,43.8,24.3,49.2,6.7,26.9,0.0,0.0,1.0,0.0,0.0,35.0,652.0
2021-03-04,46.4,23.8,45.1,7.6,27.1,0.0,0.0,1.0,0.0,0.0,30.0,649.75
2021-03-05,54.7,23.3,31.1,19.0,27.1,0.0,0.0,0.0,0.0,1.0,13.0,654.0
2021-03-06,46.4,31.2,58.9,7.6,26.9,0.0,0.0,0.0,0.0,1.0,7.0,765.91
2021-03-07,43.8,27.6,57.2,7.9,27.1,0.04,0.0,0.0,0.0,1.0,21.0,765.91
2021-03-08,40.4,31.7,72.9,5.3,26.9,0.0,0.0,0.0,0.0,1.0,14.0,646.5
2021-03-09,39.5,23.9,58.3,4.5,27.0,0.03,0.0,0.0,0.0,1.0,15.0,656.5
2021-03-10,39.0,19.2,49.2,4.2,26.9,0.0,0.0,0.0,0.0,1.0,17.0,650.75
2021-03-11,40.4,18.8,46.7,4.8,27.1,0.0,0.0,0.0,0.0,1.0,22.0,636.25
2021-03-12,40.1,17.9,44.9,5.2,27.2,0.0,0.0,0.0,0.0,1.0,14.0,631.75
2021-03-13,43.2,20.3,43.1,6.0,27.1,0.0,0.0,0.0,1.0,0.0,11.0,765.91
2021-03-14,49.6,24.9,41.8,7.0,27.0,0.0,0.0,0.0,1.0,0.0,23.0,765.91
2021-03-15,48.1,29.6,50.7,8.9,26.8,0.0,0.0,0.0,1.0,0.0,24.0,645.0
2021-03-16,42.6,27.0,55.6,9.0,26.9,0.0,0.0,0.0,1.0,0.0,19.0,647.0
2021-03-17,47.3,29.5,54.0,8.0,27.0,0.0,0.0,0.0,1.0,0.0,13.0,640.0
2021-03-18,54.9,28.2,38.8,12.4,27.0,0.0,0.0,0.0,1.0,0.0,13.0,630.5
2021-03-19,52.5,37.9,59.5,7.3,27.0,0.02,0.0,0.0,1.0,0.0,13.0,627.0
2021-03-20,45.4,27.0,50.6,11.4,27.0,0.17,0.0,0.0,1.0,0.0,11.0,765.91
2021-03-21,41.2,23.5,52.0,6.2,27.2,0.0,1.0,0.0,0.0,0.0,8.0,765.91
2021-03-22,37.7,33.2,85.1,7.7,27.0,0.0,1.0,0.0,0.0,0.0,22.0,627.25
2021-03-23,39.7,27.7,66.9,14.3,27.1,0.44,1.0,0.0,0.0,0.0,27.0,634.75
2021-03-24,39.0,24.0,57.5,5.3,27.0,0.0,1.0,0.0,0.0,0.0,30.0,624.75
2021-03-25,39.1,33.7,82.6,8.9,26.7,0.15,1.0,0.0,0.0,0.0,27.0,612.5
2021-03-26,43.1,26.5,54.6,11.5,27.1,0.03,1.0,0.0,0.0,0.0,25.0,613.25
2021-03-27,47.3,28.8,51.7,5.4,27.3,0.0,1.0,0.0,0.0,0.0,19.0,765.91
2021-03-28,59.0,25.3,32.3,10.9,27.0,0.0,0.0,1.0,0.0,0.0,12.0,765.91
2021-03-29,43.4,15.3,33.8,19.8,27.1,0.0,0.0,1.0,0.0,0.0,12.0,616.75
2021-03-30,37.8,17.8,47.3,8.0,27.3,0.0,0.0,1.0,0.0,0.0,9.0,601.75
2021-03-31,44.2,16.6,37.0,9.0,27.4,0.0,0.0,1.0,0.0,0.0,0.0,618.0
2021-04-01,55.7,19.2,27.6,12.6,27.0,0.0,0.0,1.0,0.0,0.0,0.0,611.0
2021-04-02,58.4,25.0,30.6,8.1,27.0,0.0,0.0,1.0,0.0,0.0,0.0,765.91
2021-04-03,61.6,24.1,27.3,6.8,27.1,0.0,0.0,1.0,0.0,0.0,4.0,765.91
2021-04-04,60.3,26.1,29.1,5.4,27.0,0.0,0.0,0.0,0.0,1.0,12.0,765.91
2021-04-05,45.0,29.3,54.9,15.8,26.9,0.0,0.0,0.0,0.0,1.0,11.0,618.0
2021-04-06,46.7,22.1,39.8,11.9,27.0,0.0,0.0,0.0,0.0,1.0,6.0,615.5
2021-04-07,55.8,25.6,35.0,7.9,27.0,0.0,0.0,0.0,0.0,1.0,0.0,616.25
2021-04-08,48.4,21.5,36.0,14.2,27.1,0.0,0.0,0.0,0.0,1.0,0.0,628.75
2021-04-09,45.6,15.2,33.1,4.8,27.1,0.0,0.0,0.0,0.0,1.0,0.0,638.75
2021-04-10,48.3,18.6,32.7,12.9,27.0,0.0,0.0,0.0,0.0,1.0,0.0,765.91
2021-04-11,40.6,12.5,34.9,13.3,27.1,0.0,0.0,0.0,1.0,0.0,10.0,765.91
2021-04-12,42.3,15.8,36.5,3.7,27.1,0.0,0.0,0.0,1.0,0.0,14.0,628.0
2021-04-13,47.3,15.2,28.5,6.8,27.0,0.0,0.0,0.0,1.0,0.0,19.0,629.75
2021-04-14,47.6,16.9,31.0,6.5,26.9,0.0,0.0,0.0,1.0,0.0,21.0,648.0
2021-04-15,52.5,26.6,38.7,7.3,27.0,0.0,0.0,0.0,1.0,0.0,25.0,653.75
2021-04-16,52.5,27.7,40.8,6.6,27.1,0.0,0.0,0.0,1.0,0.0,35.0,652.5
2021-04-17,53.7,21.1,30.9,6.8,27.2,0.0,0.0,0.0,1.0,0.0,15.0,765.91
2021-04-18,58.3,22.5,29.8,7.0,27.1,0.0,0.0,0.0,1.0,0.0,18.0,765.91
2021-04-19,55.5,24.6,32.3,13.5,27.1,0.0,0.0,0.0,1.0,0.0,36.0,652.25
2021-04-20,48.6,15.9,28.0,6.5,27.1,0.0,1.0,0.0,0.0,0.0,57.0,659.75
2021-04-21,52.4,18.2,29.1,8.8,26.9,0.0,1.0,0.0,0.0,0.0,46.0,673.25
2021-04-22,54.3,23.1,31.8,6.2,26.8,0.0,1.0,0.0,0.0,0.0,44.0,710.25
2021-04-23,54.3,27.0,38.7,5.3,26.9,0.0,1.0,0.0,0.0,0.0,37.0,710.25
2021-04-24,52.1,39.0,64.5,9.2,26.8,0.0,1.0,0.0,0.0,0.0,54.0,765.91
2021-04-25,47.4,39.1,74.1,4.0,26.8,0.69,1.0,0.0,0.0,0.0,55.0,765.91
2021-04-26,43.8,39.8,85.7,6.9,26.8,0.14,0.0,1.0,0.0,0.0,50.0,739.5
2021-04-27,47.7,37.7,71.3,3.6,27.0,0.32,0.0,1.0,0.0,0.0,55.0,733.75
2021-04-28,56.5,33.6,46.8,8.7,27.2,0.0,0.0,1.0,0.0,0.0,46.0,725.25
2021-04-29,65.2,36.9,39.0,4.7,27.3,0.0,0.0,1.0,0.0,0.0,37.0,737.5
2021-04-30,69.3,37.8,33.5,7.3,27.1,0.0,0.0,1.0,0.0,0.0,28.0,742.5
2021-05-01,59.3,44.9,60.8,11.8,26.9,0.0,0.0,1.0,0.0,0.0,10.0,765.91
2021-05-02,54.6,32.5,46.4,16.5,27.0,0.03,0.0,1.0,0.0,0.0,0.0,765.91
2021-05-03,54.9,28.5,40.0,5.3,27.1,0.0,0.0,0.0,0.0,1.0,0.0,725.5
2021-05-04,57.7,32.4,40.8,8.0,27.1,0.0,0.0,0.0,0.0,1.0,0.0,737.0
2021-05-05,60.7,25.8,33.4,7.0,27.1,0.0,0.0,0.0,0.0,1.0,0.0,755.75
2021-05-06,72.3,29.4,23.2,12.6,26.9,0.0,0.0,0.0,0.0,1.0,0.0,764.25
2021-05-07,58.6,30.3,35.4,16.5,27.0,0.0,0.0,0.0,0.0,1.0,10.0,773.5
2021-05-08,49.1,20.2,34.5,10.5,27.2,0.0,0.0,0.0,0.0,1.0,17.0,765.91
2021-05-09,50.6,24.1,37.9,8.9,27.1,0.0,0.0,0.0,0.0,1.0,20.0,765.91
2021-05-10,53.3,25.3,38.2,8.7,27.1,0.0,0.0,0.0,0.0,1.0,34.0,742.5
2021-05-11,56.8,24.7,32.5,6.6,27.1,0.0,0.0,0.0,1.0,0.0,32.0,759.75
2021-05-12,65.9,27.7,27.6,6.2,27.1,0.0,0.0,0.0,1.0,0.0,33.0,754.75
2021-05-13,69.0,32.9,28.6,5.5,27.0,0.0,0.0,0.0,1.0,0.0,30.0,726.5
2021-05-14,66.0,35.3,34.5,6.7,27.0,0.0,0.0,0.0,1.0,0.0,26.0,727.25
2021-05-15,64.5,37.3,38.4,4.7,26.9,0.0,0.0,0.0,1.0,0.0,28.0,765.91
2021-05-16,69.1,35.5,33.8,7.2,26.9,0.0,0.0,0.0,1.0,0.0,13.0,765.91
2021-05-17,74.4,36.9,29.1,7.5,26.9,0.0,0.0,0.0,1.0,0.0,14.0,699.75
2021-05-18,65.6,33.1,31.6,11.6,26.9,0.0,0.0,0.0,1.0,0.0,28.0,698.0
2021-05-19,52.5,32.4,46.9,13.7,26.9,0.0,1.0,0.0,0.0,0.0,27.0,679.25
2021-05-20,50.9,30.8,48.3,13.8,26.8,0.0,1.0,0.0,0.0,0.0,20.0,675.25
2021-05-21,48.6,36.1,62.4,9.3,26.9,0.0,1.0,0.0,0.0,0.0,14.0,674.25
2021-05-22,48.2,41.9,79.9,6.4,27.0,0.17,1.0,0.0,0.0,0.0,19.0,765.91
2021-05-23,48.2,42.4,82.9,4.4,27.0,0.28,1.0,0.0,0.0,0.0,27.0,765.91
2021-05-24,57.8,40.8,55.0,7.7,27.1,0.0,1.0,0.0,0.0,0.0,31.0,662.25
2021-05-25,54.4,46.6,76.4,8.3,27.1,0.0,1.0,0.0,0.0,0.0,41.0,656.5
2021-05-26,57.8,41.3,59.0,4.0,27.1,0.14,0.0,1.0,0.0,0.0,41.0,648.5
2021-05-27,67.8,37.4,37.3,7.8,27.0,0.0,0.0,1.0,0.0,0.0,41.0,676.25
2021-05-28,60.6,30.2,35.2,11.8,27.1,0.0,0.0,1.0,0.0,0.0,31.0,663.5
2021-05-29,62.0,27.0,31.1,7.0,27.1,0.0,0.0,1.0,0.0,0.0,15.0,765.91
2021-05-30,67.3,29.9,28.4,5.7,27.1,0.0,0.0,1.0,0.0,0.0,26.0,664.12
2021-05-31,70.6,33.8,29.5,5.4,27.1,0.0,0.0,1.0,0.0,0.0,30.0,673.62
2021-06-01,75.3,38.6,29.9,5.0,27.1,0.0,0.0,1.0,0.0,0.0,22.0,693.5
2021-06-02,79.3,45.0,32.7,5.9,26.9,0.0,0.0,0.0,0.0,1.0,29.0,687.5
2021-06-03,84.9,44.4,27.4,7.7,26.9,0.0,0.0,0.0,0.0,1.0,31.0,676.25
2021-06-04,81.4,47.7,33.4,7.3,26.9,0.0,0.0,0.0,0.0,1.0,35.0,687.75
2021-06-05,74.2,32.4,23.6,13.6,26.9,0.0,0.0,0.0,0.0,1.0,38.0,765.91
2021-06-06,63.0,30.7,32.7,9.6,26.9,0.0,0.0,0.0,0.0,1.0,38.0,765.91
2021-06-07,64.4,31.5,31.8,7.0,26.8,0.0,0.0,0.0,0.0,1.0,49.0,680.0
2021-06-08,66.8,35.1,33.3,8.5,26.8,0.0,0.0,0.0,0.0,1.0,34.0,685.0
2021-06-09,67.2,34.8,32.5,13.8,26.9,0.0,0.0,0.0,0.0,1.0,25.0,682.25
2021-06-10,51.9,42.5,73.7,11.5,27.1,0.36,0.0,0.0,1.0,0.0,27.0,683.75
2021-06-11,64.5,33.1,34.9,12.8,27.0,0.41,0.0,0.0,1.0,0.0,19.0,680.75
2021-06-12,72.2,44.0,37.8,6.4,27.0,0.0,0.0,0.0,1.0,0.0,8.0,765.91
2021-06-13,79.6,46.8,34.0,7.9,26.9,0.0,0.0,0.0,1.0,0.0,15.0,765.91
2021-06-14,80.9,46.5,33.0,6.9,26.9,0.0,0.0,0.0,1.0,0.0,12.0,674.5
2021-06-15,73.5,45.1,39.2,9.3,27.0,0.0,0.0,0.0,1.0,0.0,11.0,661.5
2021-06-16,76.6,31.1,19.2,9.6,27.1,0.0,0.0,0.0,1.0,0.0,11.0,662.75
2021-06-17,73.5,36.9,30.0,7.8,27.1,0.0,1.0,0.0,0.0,0.0,12.0,639.0
2021-06-18,78.3,38.2,26.0,5.7,26.9,0.0,1.0,0.0,0.0,0.0,21.0,662.75
2021-06-19,79.1,40.5,28.5,8.5,26.9,0.0,1.0,0.0,0.0,0.0,15.0,765.91
2021-06-20,77.6,43.5,31.5,10.3,26.9,0.0,1.0,0.0,0.0,0.0,14.0,765.91
2021-06-21,82.2,42.1,27.1,6.8,26.9,0.0,1.0,0.0,0.0,0.0,13.0,661.5
2021-06-22,81.2,49.3,35.7,14.8,26.8,0.0,1.0,0.0,0.0,0.0,16.0,651.0
2021-06-23,75.7,49.9,45.2,7.1,26.9,0.0,1.0,0.0,0.0,0.0,12.0,661.25
2021-06-24,80.1,41.1,27.5,9.5,26.9,0.0,0.0,1.0,0.0,0.0,11.0,651.25
2021-06-25,79.5,44.6,31.1,9.8,27.0,0.0,0.0,1.0,0.0,0.0,23.0,637.0
2021-06-26,81.9,48.7,33.5,5.2,27.0,0.0,0.0,1.0,0.0,0.0,19.0,765.91
2021-06-27,85.5,46.0,27.0,7.2,27.1,0.0,0.0,1.0,0.0,0.0,33.0,765.91
2021-06-28,91.9,46.1,22.0,7.5,27.0,0.0,0.0,1.0,0.0,0.0,46.0,646.0
2021-06-29,91.0,45.0,22.5,6.6,26.9,0.0,0.0,1.0,0.0,0.0,56.0,639.75
2021-06-30,93.2,39.5,17.0,11.3,26.9,0.0,0.0,1.0,0.0,0.0,54.0,671.5
2021-07-01,88.7,44.5,23.5,9.9,26.9,0.0,0.0,0.0,0.0,1.0,57.0,658.5
2021-07-02,87.7,47.0,26.9,6.7,26.9,0.0,0.0,0.0,0.0,1.0,62.0,645.75
2021-07-03,88.9,45.5,23.6,7.1,26.9,0.0,0.0,0.0,0.0,1.0,60.0,765.91
2021-07-04,86.5,46.9,27.6,6.1,26.9,0.0,0.0,0.0,0.0,1.0,50.0,765.91
2021-07-05,87.8,46.7,26.1,7.4,27.0,0.0,0.0,0.0,0.0,1.0,45.0,765.91
2021-07-06,89.7,38.8,19.0,7.7,27.0,0.0,0.0,0.0,0.0,1.0,49.0,620.0
2021-07-07,89.8,39.0,17.6,10.4,26.9,0.0,0.0,0.0,0.0,1.0,20.0,614.75
2021-07-08,82.3,35.1,21.0,6.0,26.9,0.0,0.0,0.0,0.0,1.0,16.0,612.25
2021-07-09,80.8,29.1,19.2,6.3,27.1,0.0,0.0,0.0,1.0,0.0,11.0,608.5
2021-07-10,86.8,34.8,17.8,5.7,27.1,0.0,0.0,0.0,1.0,0.0,15.0,765.91
2021-07-11,85.0,39.8,21.9,7.1,27.0,0.0,0.0,0.0,1.0,0.0,21.0,765.91
2021-07-12,83.5,37.2,21.5,6.1,26.9,0.0,0.0,0.0,1.0,0.0,23.0,635.0
2021-07-13,82.4,38.1,22.9,7.0,26.9,0.0,0.0,0.0,1.0,0.0,21.0,628.75
2021-07-14,83.7,37.9,21.9,6.2,26.9,0.0,0.0,0.0,1.0,0.0,30.0,645.0
2021-07-15,84.4,37.5,19.7,7.3,26.9,0.0,0.0,0.0,1.0,0.0,22.0,672.0
2021-07-16,80.2,38.9,25.4,5.4,26.9,0.0,0.0,0.0,1.0,0.0,35.0,692.5
2021-07-17,80.0,39.9,27.5,5.3,27.0,0.0,1.0,0.0,0.0,0.0,49.0,765.91
2021-07-18,83.8,39.8,23.0,5.7,27.0,0.0,1.0,0.0,0.0,0.0,48.0,765.91
2021-07-19,86.8,46.3,25.1,8.6,27.0,0.0,1.0,0.0,0.0,0.0,48.0,697.75
2021-07-20,82.5,53.4,37.3,7.6,27.0,0.0,1.0,0.0,0.0,0.0,46.0,700.5
2021-07-21,79.7,53.2,43.9,9.8,26.9,0.04,1.0,0.0,0.0,0.0,72.0,710.75
2021-07-22,76.2,39.7,28.8,6.6,27.0,0.0,1.0,0.0,0.0,0.0,76.0,692.25
2021-07-23,76.6,36.0,25.6,5.6,27.1,0.0,0.0,1.0,0.0,0.0,57.0,684.0
2021-07-24,78.3,39.1,27.0,4.2,27.1,0.0,0.0,1.0,0.0,0.0,32.0,765.91
2021-07-25,81.0,41.5,25.8,4.8,27.0,0.0,0.0,1.0,0.0,0.0,36.0,765.91
2021-07-26,83.9,43.5,25.6,7.9,26.9,0.0,0.0,1.0,0.0,0.0,31.0,677.0
2021-07-27,84.6,47.2,28.7,6.5,26.9,0.0,0.0,1.0,0.0,0.0,18.0,674.5
2021-07-28,81.5,49.6,35.3,6.8,27.1,0.0,0.0,1.0,0.0,0.0,6.0,688.75
2021-07-29,85.0,49.2,30.3,7.0,27.1,0.03,0.0,1.0,0.0,0.0,3.0,705.25
2021-07-30,88.3,49.4,26.5,10.5,27.0,0.0,0.0,1.0,0.0,0.0,0.0,703.75
2021-07-31,80.9,60.4,53.2,10.7,27.1,0.0,0.0,0.0,0.0,1.0,3.0,765.91
2021-08-01,73.8,66.2,78.0,4.4,27.1,0.59,0.0,0.0,0.0,1.0,8.0,765.91
2021-08-02,80.0,61.0,56.9,5.1,27.1,0.06,0.0,0.0,0.0,1.0,13.0,729.5
2021-08-03,81.6,54.7,42.7,6.8,27.1,0.0,0.0,0.0,0.0,1.0,17.0,724.5
2021-08-04,86.5,47.5,29.1,7.0,27.0,0.0,0.0,0.0,0.0,1.0,17.0,717.25
2021-08-05,84.5,48.4,29.6,8.6,26.9,0.0,0.0,0.0,0.0,1.0,22.0,712.75
2021-08-06,73.5,49.0,42.8,10.0,27.0,0.0,0.0,0.0,0.0,1.0,8.0,719.0
2021-08-07,78.5,46.9,37.6,6.8,27.0,0.0,0.0,0.0,0.0,1.0,0.0,765.91
2021-08-08,76.4,43.6,32.9,11.5,26.9,0.0,0.0,0.0,1.0,0.0,0.0,765.91
2021-08-09,68.4,36.0,33.0,6.6,27.1,0.0,0.0,0.0,1.0,0.0,7.0,711.25
2021-08-10,76.4,34.9,26.7,6.6,27.1,0.0,0.0,0.0,1.0,0.0,0.0,727.0
2021-08-11,80.6,46.1,31.5,7.5,27.0,0.0,0.0,0.0,1.0,0.0,18.0,727.0
2021-08-12,83.8,49.8,33.8,5.5,27.0,0.0,0.0,0.0,1.0,0.0,7.0,753.5
2021-08-13,82.5,46.0,30.5,5.3,27.1,0.0,0.0,0.0,1.0,0.0,9.0,762.25
2021-08-14,83.7,42.9,25.6,6.2,27.1,0.0,0.0,0.0,1.0,0.0,19.0,765.91
2021-08-15,81.3,42.6,26.3,5.7,27.1,0.0,1.0,0.0,0.0,0.0,21.0,765.91
2021-08-16,83.5,42.0,24.2,7.4,26.9,0.0,1.0,0.0,0.0,0.0,20.0,760.5
2021-08-17,73.2,42.3,33.9,10.7,26.8,0.0,1.0,0.0,0.0,0.0,15.0,734.5
2021-08-18,64.6,40.4,43.2,12.3,26.9,0.0,1.0,0.0,0.0,0.0,13.0,737.25
2021-08-19,65.9,42.9,46.8,9.0,27.0,0.0,1.0,0.0,0.0,0.0,22.0,727.5
2021-08-20,71.5,39.6,35.6,7.3,26.9,0.0,1.0,0.0,0.0,0.0,12.0,714.25
2021-08-21,68.4,47.4,49.4,9.2,26.8,0.0,1.0,0.0,0.0,0.0,16.0,765.91
2021-08-22,68.4,40.0,43.0,7.2,26.9,0.04,0.0,1.0,0.0,0.0,19.0,765.91
2021-08-23,69.2,32.4,28.4,8.0,26.9,0.0,0.0,1.0,0.0,0.0,16.0,719.75
2021-08-24,65.3,34.3,33.8,4.3,27.0,0.0,0.0,1.0,0.0,0.0,20.0,718.0
2021-08-25,70.9,33.2,27.2,5.7,27.0,0.0,0.0,1.0,0.0,0.0,36.0,711.25
2021-08-26,70.7,35.3,28.6,6.1,27.0,0.0,0.0,1.0,0.0,0.0,48.0,725.25
2021-08-27,67.2,41.0,41.3,6.4,27.0,0.0,0.0,1.0,0.0,0.0,71.0,718.5
2021-08-28,68.0,35.3,35.2,4.3,27.1,0.0,0.0,1.0,0.0,0.0,75.0,765.91
2021-08-29,73.5,31.7,23.8,5.0,27.0,0.0,0.0,1.0,0.0,0.0,51.0,765.91
2021-08-30,75.1,33.5,22.9,6.0,26.8,0.0,0.0,0.0,0.0,1.0,43.0,708.75
2021-08-31,68.0,32.2,29.6,6.7,26.8,0.0,0.0,0.0,0.0,1.0,39.0,706.75
2021-09-01,62.4,30.7,34.0,5.5,26.9,0.0,0.0,0.0,0.0,1.0,38.0,701.0
2021-09-02,63.2,31.7,34.6,6.2,27.0,0.0,0.0,0.0,0.0,1.0,33.0,704.0
2021-09-03,64.0,27.8,30.2,4.0,27.1,0.0,0.0,0.0,0.0,1.0,26.0,714.5
2021-09-04,70.3,22.8,18.7,5.2,27.1,0.0,0.0,0.0,0.0,1.0,71.0,765.91
2021-09-05,74.3,25.3,18.4,5.0,27.0,0.0,0.0,0.0,0.0,1.0,74.0,765.91
2021-09-06,74.3,29.8,20.3,6.2,27.1,0.0,0.0,0.0,1.0,0.0,83.0,724.0
2021-09-07,76.4,34.7,23.1,5.5,27.1,0.0,0.0,0.0,1.0,0.0,84.0,708.75
2021-09-08,77.2,36.6,24.5,7.1,27.0,0.0,0.0,0.0,1.0,0.0,97.0,698.25
2021-09-09,79.5,41.9,27.9,6.0,27.0,0.0,0.0,0.0,1.0,0.0,101.0,681.5
2021-09-10,69.6,50.3,54.0,7.0,27.0,0.0,0.0,0.0,1.0,0.0,96.0,675.0
2021-09-11,59.3,52.8,84.0,3.7,27.2,0.09,0.0,0.0,1.0,0.0,72.0,765.91
2021-09-12,67.5,42.4,42.9,5.6,27.1,0.0,0.0,0.0,1.0,0.0,49.0,765.91
2021-09-13,66.5,40.9,43.3,5.8,27.0,0.0,1.0,0.0,0.0,0.0,33.0,674.5
2021-09-14,65.2,28.3,30.2,5.4,27.1,0.0,1.0,0.0,0.0,0.0,23.0,685.0
2021-09-15,68.3,29.0,24.4,6.2,26.9,0.0,1.0,0.0,0.0,0.0,10.0,712.25
2021-09-16,60.3,26.9,30.4,9.3,27.0,0.0,1.0,0.0,0.0,0.0,0.0,713.0
2021-09-17,66.0,21.1,20.3,9.8,27.0,0.0,1.0,0.0,0.0,0.0,0.0,708.75
2021-09-18,69.5,32.5,28.3,15.0,26.9,0.0,1.0,0.0,0.0,0.0,0.0,765.91
2021-09-19,57.4,42.8,60.6,10.7,27.0,0.05,1.0,0.0,0.0,0.0,13.0,765.91
2021-09-20,54.4,36.4,54.5,6.2,27.3,0.01,0.0,1.0,0.0,0.0,43.0,700.75
2021-09-21,60.7,30.6,36.1,10.1,27.3,0.0,0.0,1.0,0.0,0.0,65.0,690.25
2021-09-22,67.5,32.4,28.1,8.9,27.1,0.0,0.0,1.0,0.0,0.0,81.0,705.75
2021-09-23,63.5,40.2,45.0,8.0,27.2,0.0,0.0,1.0,0.0,0.0,70.0,717.75
2021-09-24,66.5,37.5,37.5,5.9,27.1,0.0,0.0,1.0,0.0,0.0,60.0,723.75
2021-09-25,70.7,35.4,30.0,5.8,27.0,0.0,0.0,1.0,0.0,0.0,45.0,765.91
2021-09-26,72.2,30.4,22.9,7.4,26.9,0.0,0.0,1.0,0.0,0.0,50.0,765.91
2021-09-27,70.2,23.0,19.9,8.3,26.9,0.0,0.0,1.0,0.0,0.0,50.0,722.25
2021-09-28,51.7,41.3,70.8,8.9,27.0,0.03,0.0,0.0,0.0,1.0,57.0,706.5
2021-09-29,51.3,33.1,54.6,6.1,27.2,0.14,0.0,0.0,0.0,1.0,70.0,710.25
2021-09-30,56.0,29.8,40.6,7.4,27.2,0.0,0.0,0.0,0.0,1.0,45.0,725.5
2021-10-01,56.8,30.4,38.7,4.0,27.2,0.0,0.0,0.0,0.0,1.0,38.0,755.25
2021-10-02,60.9,31.3,34.8,6.0,27.2,0.0,0.0,0.0,0.0,1.0,34.0,765.91
2021-10-03,64.4,28.4,28.4,5.0,27.1,0.0,0.0,0.0,0.0,1.0,27.0,765.91
2021-10-04,67.3,26.9,25.1,7.8,27.0,0.0,0.0,0.0,0.0,1.0,35.0,756.5
2021-10-05,67.0,24.0,20.6,8.0,26.9,0.0,0.0,0.0,0.0,1.0,30.0,744.75
2021-10-06,62.0,34.5,36.8,9.5,27.0,0.0,0.0,0.0,1.0,0.0,26.0,746.0
2021-10-07,57.0,39.5,54.0,6.1,27.0,0.0,0.0,0.0,1.0,0.0,16.0,741.25
2021-10-08,55.0,48.6,79.7,9.6,26.9,0.0,0.0,0.0,1.0,0.0,19.0,734.0
2021-10-09,52.0,35.6,56.0,10.8,27.1,0.49,0.0,0.0,1.0,0.0,23.0,765.91
2021-10-10,52.1,35.5,56.4,7.6,27.0,0.0,0.0,0.0,1.0,0.0,38.0,765.91
2021-10-11,46.1,26.6,49.1,19.3,26.9,0.04,0.0,0.0,1.0,0.0,30.0,731.75
2021-10-12,44.8,20.1,39.3,13.8,26.9,0.0,1.0,0.0,0.0,0.0,17.0,734.0
2021-10-13,40.2,27.8,61.8,3.1,27.0,0.0,1.0,0.0,0.0,0.0,20.0,718.75
2021-10-14,42.9,28.5,60.2,4.8,27.2,0.0,1.0,0.0,0.0,0.0,20.0,724.75
2021-10-15,51.5,26.6,41.1,10.4,27.3,0.0,1.0,0.0,0.0,0.0,12.0,734.0
2021-10-16,54.8,26.6,38.3,9.2,27.2,0.0,1.0,0.0,0.0,0.0,11.0,765.91
2021-10-17,58.5,25.2,32.3,8.8,26.8,0.0,1.0,0.0,0.0,0.0,0.0,765.91
2021-10-18,55.3,30.4,39.4,4.3,26.7,0.0,1.0,0.0,0.0,0.0,17.0,736.25
2021-10-19,53.7,33.4,49.0,3.9,27.0,0.0,1.0,0.0,0.0,0.0,13.0,736.0
2021-10-20,60.4,33.5,37.2,11.0,27.0,0.0,0.0,1.0,0.0,0.0,12.0,749.25
2021-10-21,64.0,36.1,37.2,10.5,27.1,0.0,0.0,1.0,0.0,0.0,17.0,741.25
2021-10-22,57.1,39.6,59.5,13.3,26.9,0.0,0.0,1.0,0.0,0.0,36.0,756.0
2021-10-23,48.9,41.3,76.0,4.7,26.9,0.39,0.0,1.0,0.0,0.0,48.0,765.91
2021-10-24,50.8,43.8,77.3,16.7,26.7,0.0,0.0,1.0,0.0,0.0,40.0,765.91
2021-10-25,48.5,44.4,85.6,6.8,26.7,0.67,0.0,1.0,0.0,0.0,66.0,759.5
2021-10-26,46.2,39.1,77.6,5.8,27.0,0.21,0.0,1.0,0.0,0.0,90.0,752.25
2021-10-27,52.7,40.0,64.0,7.7,27.2,0.03,0.0,1.0,0.0,0.0,103.0,759.75
2021-10-28,58.0,42.9,58.2,9.9,27.3,0.0,0.0,0.0,0.0,1.0,97.0,772.5
2021-10-29,58.7,43.6,59.5,9.3,27.0,0.0,0.0,0.0,0.0,1.0,82.0,772.75
2021-10-30,49.2,41.4,75.4,3.6,27.0,0.0,0.0,0.0,0.0,1.0,76.0,765.91
2021-10-31,47.6,38.3,71.2,2.7,27.0,0.0,0.0,0.0,0.0,1.0,65.0,765.91
2021-11-01,48.3,43.5,84.1,5.9,27.1,0.0,0.0,0.0,0.0,1.0,51.0,797.25
2021-11-02,51.7,45.6,81.1,3.1,27.2,0.16,0.0,0.0,0.0,1.0,43.0,791.5
2021-11-03,52.3,41.1,67.8,6.9,27.2,0.0,0.0,0.0,0.0,1.0,33.0,781.0
2021-11-04,55.8,41.6,59.5,11.5,27.0,0.0,0.0,0.0,1.0,0.0,28.0,773.75
2021-11-05,53.4,34.3,52.3,11.3,27.0,0.03,0.0,0.0,1.0,0.0,37.0,766.5
2021-11-06,51.4,37.8,61.0,3.1,27.0,0.0,0.0,0.0,1.0,0.0,34.0,765.91
2021-11-07,43.1,29.7,61.0,4.7,27.2,0.02,0.0,0.0,1.0,0.0,30.0,765.91
2021-11-08,40.3,23.1,51.6,10.0,27.1,0.0,0.0,0.0,1.0,0.0,40.0,768.0
2021-11-09,44.1,38.0,79.9,8.9,27.0,0.0,0.0,0.0,1.0,0.0,44.0,778.5
2021-11-10,41.8,31.2,68.6,4.0,27.3,0.41,0.0,0.0,1.0,0.0,41.0,803.0
2021-11-11,45.0,37.6,76.4,5.0,27.3,0.0,1.0,0.0,0.0,0.0,43.0,812.5
2021-11-12,48.2,43.1,83.2,3.0,27.3,0.01,1.0,0.0,0.0,0.0,36.0,817.0
2021-11-13,48.8,43.4,83.1,4.9,27.3,0.01,1.0,0.0,0.0,0.0,27.0,765.91
2021-11-14,52.9,42.1,67.5,8.2,27.2,0.0,1.0,0.0,0.0,0.0,20.0,765.91
2021-11-15,54.3,38.4,55.8,9.7,27.0,0.0,1.0,0.0,0.0,0.0,24.0,826.25
2021-11-16,41.1,23.3,50.5,13.8,27.2,0.0,1.0,0.0,0.0,0.0,32.0,810.25
2021-11-17,33.0,18.7,58.3,6.6,27.4,0.0,1.0,0.0,0.0,0.0,29.0,822.25
2021-11-18,39.1,22.5,52.4,7.3,27.1,0.0,1.0,0.0,0.0,0.0,23.0,823.0
2021-11-19,45.6,39.8,80.4,9.9,27.1,0.13,0.0,1.0,0.0,0.0,22.0,823.0
2021-11-20,38.8,31.8,76.4,5.6,27.4,0.14,0.0,1.0,0.0,0.0,22.0,765.91
2021-11-21,37.3,29.5,74.3,7.8,27.5,0.0,0.0,1.0,0.0,0.0,23.0,765.91
2021-11-22,36.9,27.7,71.1,2.8,27.2,0.0,0.0,1.0,0.0,0.0,23.0,845.75
2021-11-23,34.7,29.6,81.7,6.1,27.0,0.0,0.0,1.0,0.0,0.0,33.0,856.0
2021-11-24,34.3,25.8,72.0,4.7,27.4,0.08,0.0,1.0,0.0,0.0,43.0,836.75
2021-11-25,37.0,24.6,63.0,6.9,27.5,0.0,0.0,1.0,0.0,0.0,26.0,765.91
2021-11-26,37.6,28.7,70.5,3.4,27.3,0.0,0.0,1.0,0.0,0.0,44.0,825.5
2021-11-27,39.6,32.1,75.5,2.1,27.3,0.0,0.0,0.0,0.0,1.0,41.0,765.91
2021-11-28,40.7,33.7,77.4,2.3,27.3,0.0,0.0,0.0,0.0,1.0,48.0,765.91
2021-11-29,38.9,33.4,81.8,2.7,27.3,0.0,0.0,0.0,0.0,1.0,44.0,807.5
2021-11-30,40.0,33.4,78.1,4.1,27.3,0.0,0.0,0.0,0.0,1.0,59.0,773.75
2021-12-01,42.2,34.9,77.0,4.4,27.3,0.0,0.0,0.0,0.0,1.0,43.0,778.5
2021-12-02,36.5,31.2,74.0,2.5,27.2,0.0,0.0,0.0,0.0,1.0,38.0,806.5
2021-12-03,39.9,34.2,81.0,1.5,27.2,0.0,0.0,0.0,0.0,1.0,29.0,794.5
2021-12-04,38.8,32.6,79.4,2.5,27.1,0.0,0.0,0.0,1.0,0.0,19.0,765.91
2021-12-05,39.5,27.4,63.9,8.4,27.2,0.0,0.0,0.0,1.0,0.0,24.0,765.91
2021-12-06,35.0,30.6,84.7,4.3,27.1,0.0,0.0,0.0,1.0,0.0,13.0,797.0
2021-12-07,36.1,34.1,92.5,3.6,27.1,0.22,0.0,0.0,1.0,0.0,12.0,799.25
2021-12-08,34.8,32.1,90.4,4.7,26.9,0.02,0.0,0.0,1.0,0.0,6.0,791.25
2021-12-09,33.0,23.0,67.9,9.0,26.9,0.0,0.0,0.0,1.0,0.0,0.0,773.5
2021-12-10,30.5,23.2,75.4,6.1,27.1,0.04,1.0,0.0,0.0,0.0,0.0,782.0
2021-12-11,37.0,23.6,59.7,17.4,27.0,0.0,1.0,0.0,0.0,0.0,0.0,765.91
2021-12-12,43.4,32.2,65.9,12.7,26.8,0.05,1.0,0.0,0.0,0.0,13.0,765.91
2021-12-13,48.6,31.1,52.3,19.7,26.7,0.01,1.0,0.0,0.0,0.0,24.0,785.5
2021-12-14,33.9,29.6,85.3,9.1,26.7,0.0,1.0,0.0,0.0,0.0,46.0,786.25
2021-12-15,28.2,21.2,75.7,12.7,27.0,0.22,1.0,0.0,0.0,0.0,78.0,756.0
2021-12-16,32.2,28.6,86.6,8.3,26.9,0.01,1.0,0.0,0.0,0.0,107.0,770.5
2021-12-17,32.3,26.0,78.2,5.8,27.2,0.05,1.0,0.0,0.0,0.0,111.0,775.0
2021-12-18,30.3,21.6,70.3,9.7,27.2,0.0,0.0,1.0,0.0,0.0,109.0,765.91
2021-12-19,31.7,25.3,77.2,3.9,27.0,0.0,0.0,1.0,0.0,0.0,118.0,765.91
2021-12-20,39.6,30.3,71.7,5.3,27.1,0.01,0.0,1.0,0.0,0.0,121.0,777.75
2021-12-21,32.9,27.3,80.2,2.6,27.1,0.0,0.0,1.0,0.0,0.0,132.0,799.0
2021-12-22,39.6,32.2,75.4,12.2,26.9,0.0,0.0,1.0,0.0,0.0,150.0,814.0
2021-12-23,40.5,34.6,80.3,8.3,26.6,0.03,0.0,1.0,0.0,0.0,145.0,814.75
2021-12-24,32.1,28.8,88.0,7.9,26.6,0.36,0.0,1.0,0.0,0.0,118.0,815.8
2021-12-25,32.8,28.7,85.2,9.1,26.6,0.03,0.0,1.0,0.0,0.0,114.0,765.91
2021-12-26,29.8,24.1,80.6,6.8,26.6,0.06,0.0,0.0,0.0,1.0,95.0,765.91
2021-12-27,25.7,20.4,80.7,8.7,26.6,0.15,0.0,0.0,0.0,1.0,107.0,804.0
2021-12-28,21.0,14.4,76.0,6.0,26.8,0.05,0.0,0.0,0.0,1.0,103.0,783.5
2021-12-29,23.4,20.1,86.7,7.6,26.7,0.0,0.0,0.0,0.0,1.0,87.0,787.75
2021-12-30,26.4,22.7,86.1,8.6,26.7,0.19,0.0,0.0,0.0,1.0,69.0,779.75
2021-12-31,23.7,17.8,78.3,7.8,26.8,0.12,0.0,0.0,0.0,1.0,60.0,770.75
2022-01-01,9.5,1.7,71.4,4.6,27.3,0.0,0.0,0.0,0.0,1.0,48.0,765.91
2022-01-02,13.2,5.8,72.7,4.0,27.3,0.0,0.0,0.0,1.0,0.0,27.0,765.91
2022-01-03,30.1,20.4,69.2,12.1,26.9,0.0,0.0,0.0,1.0,0.0,10.0,758.0
2022-01-04,32.5,29.7,89.3,6.1,27.0,0.24,0.0,0.0,1.0,0.0,10.0,770.0
2022-01-05,33.6,30.8,89.5,5.7,27.1,0.28,0.0,0.0,1.0,0.0,23.0,760.75
2022-01-06,34.3,31.8,90.4,4.2,27.0,0.26,0.0,0.0,1.0,0.0,34.0,746.0
2022-01-07,40.4,33.0,75.4,8.7,26.7,0.02,0.0,0.0,1.0,0.0,44.0,758.5
2022-01-08,34.3,23.6,65.7,5.3,27.2,0.12,0.0,0.0,1.0,0.0,44.0,765.91
2022-01-09,28.9,19.6,68.6,9.1,27.5,0.0,1.0,0.0,0.0,0.0,54.0,765.91
2022-01-10,26.6,18.3,71.4,3.8,27.5,0.0,1.0,0.0,0.0,0.0,54.0,762.0
2022-01-11,30.9,22.6,71.9,4.2,27.5,0.0,1.0,0.0,0.0,0.0,51.0,770.25
2022-01-12,29.9,23.0,76.3,2.6,27.4,0.0,1.0,0.0,0.0,0.0,76.0,757.75
2022-01-13,31.8,25.5,77.9,5.2,27.3,0.0,1.0,0.0,0.0,0.0,85.0,746.75
2022-01-14,31.7,25.8,79.0,5.8,27.4,0.0,1.0,0.0,0.0,0.0,98.0,741.5
2022-01-15,30.7,24.2,76.9,5.2,27.4,0.0,1.0,0.0,0.0,0.0,95.0,765.91
2022-01-16,28.7,23.1,79.7,4.1,27.3,0.0,1.0,0.0,0.0,0.0,102.0,765.91
2022-01-17,27.8,22.4,80.4,4.8,27.2,0.0,0.0,1.0,0.0,0.0,80.0,765.91
2022-01-18,30.2,25.2,81.7,3.1,27.2,0.0,0.0,1.0,0.0,0.0,66.0,769.0
2022-01-19,31.2,27.4,85.6,1.1,27.4,0.0,0.0,1.0,0.0,0.0,58.0,796.5
2022-01-20,32.3,28.7,86.7,6.1,27.3,0.0,0.0,1.0,0.0,0.0,57.0,790.25
2022-01-21,31.3,28.0,87.8,10.3,27.4,0.2,0.0,1.0,0.0,0.0,23.0,780.0
2022-01-22,30.3,24.1,78.0,8.4,27.5,0.0,0.0,1.0,0.0,0.0,24.0,765.91
2022-01-23,30.3,23.8,77.6,3.6,27.4,0.0,0.0,1.0,0.0,0.0,20.0,765.91
2022-01-24,28.5,23.9,82.8,7.7,27.2,0.0,0.0,1.0,0.0,0.0,33.0,800.5
2022-01-25,28.0,22.8,80.9,8.2,27.3,0.0,0.0,0.0,0.0,1.0,52.0,818.0
2022-01-26,26.6,21.2,79.8,7.2,27.4,0.0,0.0,0.0,0.0,1.0,69.0,795.0
2022-01-27,25.5,19.1,76.9,9.1,27.6,0.0,0.0,0.0,0.0,1.0,81.0,777.0
2022-01-28,20.4,11.8,70.0,6.5,27.6,0.0,0.0,0.0,0.0,1.0,72.0,786.25
2022-01-29,21.3,12.9,71.0,4.7,27.4,0.0,0.0,0.0,0.0,1.0,66.0,765.91
2022-01-30,21.7,12.1,67.3,6.6,27.3,0.0,0.0,0.0,0.0,1.0,83.0,765.91
2022-01-31,28.7,16.8,62.2,6.1,27.2,0.0,0.0,0.0,1.0,0.0,75.0,761.25
2022-02-01,27.0,17.6,68.5,4.4,27.2,0.0,0.0,0.0,1.0,0.0,77.0,769.0
2022-02-02,26.9,14.4,62.2,5.3,27.2,0.0,0.0,0.0,1.0,0.0,72.0,755.0
2022-02-03,28.0,17.3,64.8,5.6,27.4,0.0,0.0,0.0,1.0,0.0,80.0,751.75
2022-02-04,28.4,18.6,67.7,6.7,27.5,0.0,0.0,0.0,1.0,0.0,100.0,763.25
2022-02-05,27.8,20.1,73.6,4.6,27.4,0.0,0.0,0.0,1.0,0.0,91.0,765.91
2022-02-06,30.2,22.0,72.4,7.1,27.5,0.0,0.0,0.0,1.0,0.0,78.0,765.91
2022-02-07,29.4,20.5,70.5,4.5,27.5,0.0,0.0,0.0,1.0,0.0,76.0,768.75
2022-02-08,28.3,21.3,76.0,2.8,27.5,0.0,1.0,0.0,0.0,0.0,75.0,778.75
2022-02-09,34.5,24.5,68.8,3.5,27.4,0.0,1.0,0.0,0.0,0.0,68.0,785.0
2022-02-10,39.4,29.8,70.2,3.9,27.4,0.0,1.0,0.0,0.0,0.0,72.0,771.5
2022-02-11,35.9,26.5,71.9,6.2,27.3,0.0,1.0,0.0,0.0,0.0,75.0,797.75
2022-02-12,33.8,23.2,66.8,6.0,27.4,0.0,1.0,0.0,0.0,0.0,54.0,765.91
2022-02-13,34.1,23.0,65.9,4.9,27.3,0.0,1.0,0.0,0.0,0.0,46.0,765.91
2022-02-14,36.9,28.4,74.4,7.4,26.9,0.0,1.0,0.0,0.0,0.0,63.0,799.25
2022-02-15,36.4,27.9,73.1,12.8,26.9,0.08,1.0,0.0,0.0,0.0,81.0,779.75
2022-02-16,35.3,27.1,73.4,9.5,27.1,0.0,0.0,1.0,0.0,0.0,87.0,780.5
2022-02-17,34.9,22.4,59.4,3.4,27.3,0.01,0.0,1.0,0.0,0.0,80.0,798.0
2022-02-18,39.4,25.4,59.9,4.0,27.3,0.0,0.0,1.0,0.0,0.0,49.0,797.0
2022-02-19,43.2,27.7,57.5,5.3,27.1,0.0,0.0,1.0,0.0,0.0,42.0,765.91
2022-02-20,38.4,25.9,62.7,7.8,26.9,0.0,0.0,1.0,0.0,0.0,48.0,765.91
2022-02-21,31.0,19.7,64.5,4.7,26.8,0.0,0.0,1.0,0.0,0.0,48.0,765.91
2022-02-22,26.0,16.9,68.5,7.3,26.9,0.0,0.0,1.0,0.0,0.0,38.0,844.25
2022-02-23,21.7,7.8,56.6,12.8,27.1,0.0,0.0,0.0,0.0,1.0,36.0,876.0
2022-02-24,23.8,15.6,71.1,7.1,27.2,0.0,0.0,0.0,0.0,1.0,32.0,926.0
2022-02-25,22.4,10.2,61.9,4.0,27.4,0.02,0.0,0.0,0.0,1.0,23.0,843.0
2022-02-26,26.3,12.7,58.0,12.4,27.4,0.0,0.0,0.0,0.0,1.0,25.0,765.91
2022-02-27,31.5,17.4,57.3,9.9,27.4,0.0,0.0,0.0,0.0,1.0,32.0,765.91
2022-02-28,42.4,26.0,54.1,5.2,27.3,0.0,0.0,0.0,0.0,1.0,56.0,928.0
2022-03-01,47.1,35.1,63.3,5.6,27.2,0.0,0.0,0.0,0.0,1.0,72.0,1001.75
2022-03-02,50.6,35.2,59.4,5.4,27.1,0.0,0.0,0.0,1.0,0.0,78.0,1058.5
2022-03-03,46.7,34.3,64.1,6.1,26.9,0.0,0.0,0.0,1.0,0.0,88.0,1289.0
2022-03-04,39.8,26.5,60.5,11.0,26.9,0.0,0.0,0.0,1.0,0.0,87.0,1348.0
2022-03-05,37.5,21.8,55.8,9.3,26.9,0.0,0.0,0.0,1.0,0.0,85.0,765.91
2022-03-06,37.2,20.2,52.0,14.2,27.1,0.0,0.0,0.0,1.0,0.0,79.0,765.91
2022-03-07,36.8,17.9,49.0,6.0,27.3,0.0,0.0,0.0,1.0,0.0,89.0,1425.25
2022-03-08,39.2,27.2,62.6,8.4,27.1,0.0,0.0,0.0,1.0,0.0,91.0,1273.0
2022-03-09,33.0,22.7,68.4,11.0,27.0,0.02,0.0,0.0,1.0,0.0,89.0,1199.5
2022-03-10,27.4,6.2,44.5,5.2,27.2,0.0,1.0,0.0,0.0,0.0,94.0,1073.75
2022-03-11,38.8,12.0,35.8,4.5,27.3,0.0,1.0,0.0,0.0,0.0,91.0,1090.0
2022-03-12,51.2,24.4,37.4,13.5,27.1,0.0,1.0,0.0,0.0,0.0,91.0,765.91
2022-03-13,52.0,22.0,31.0,8.0,26.9,0.0,1.0,0.0,0.0,0.0,85.0,1126.62
2022-03-14,47.0,28.1,52.0,11.4,27.2,0.0,1.0,0.0,0.0,0.0,84.0,1099.75
2022-03-15,48.0,38.2,70.8,8.1,27.1,0.0,1.0,0.0,0.0,0.0,75.0,1154.25
2022-03-16,43.0,29.5,61.9,8.8,27.2,0.28,1.0,0.0,0.0,0.0,62.0,1069.25
2022-03-17,44.1,22.8,46.5,9.5,27.2,0.0,1.0,0.0,0.0,0.0,50.0,1098.0
2022-03-18,49.0,27.7,46.0,7.8,27.1,0.0,0.0,1.0,0.0,0.0,35.0,1063.75
2022-03-19,50.8,31.8,50.8,11.5,26.9,0.0,0.0,1.0,0.0,0.0,36.0,765.91
2022-03-20,39.7,19.4,46.8,16.7,27.1,0.03,0.0,1.0,0.0,0.0,52.0,765.91
2022-03-21,42.7,22.5,45.8,5.1,27.3,0.0,0.0,1.0,0.0,0.0,51.0,1119.25
2022-03-22,47.8,31.5,55.1,7.1,27.4,0.0,0.0,1.0,0.0,0.0,47.0,1118.25
2022-03-23,55.5,35.3,50.0,7.2,27.2,0.0,0.0,1.0,0.0,0.0,49.0,1105.75
2022-03-24,53.3,33.8,51.2,5.2,27.1,0.0,0.0,0.0,0.0,1.0,51.0,1085.75
2022-03-25,56.9,27.0,33.4,6.1,27.0,0.0,0.0,0.0,0.0,1.0,51.0,1102.25
2022-03-26,57.1,33.3,42.8,4.8,26.9,0.0,0.0,0.0,0.0,1.0,61.0,765.91
2022-03-27,57.0,34.5,43.7,6.4,26.8,0.0,0.0,0.0,0.0,1.0,96.0,765.91
2022-03-28,53.1,37.9,57.9,10.5,26.7,0.0,0.0,0.0,0.0,1.0,137.0,1057.0
2022-03-29,53.9,35.3,54.0,15.1,26.9,0.0,0.0,0.0,0.0,1.0,142.0,1014.25
2022-03-30,48.9,31.8,53.5,8.2,27.0,0.0,0.0,0.0,0.0,1.0,115.0,1027.25
2022-03-31,43.4,22.0,44.8,11.1,27.0,0.0,0.0,0.0,0.0,1.0,124.0,1006.0
2022-04-01,43.8,19.8,42.5,3.9,27.1,0.0,0.0,0.0,1.0,0.0,128.0,984.5
2022-04-02,48.3,19.3,33.7,10.7,27.1,0.0,0.0,0.0,1.0,0.0,121.0,765.91
2022-04-03,50.2,16.2,30.5,9.6,27.0,0.0,0.0,0.0,1.0,0.0,118.0,765.91
2022-04-04,49.5,30.6,53.0,14.7,26.8,0.0,0.0,0.0,1.0,0.0,81.0,1010.25
2022-04-05,41.6,18.7,41.8,14.9,27.2,0.2,0.0,0.0,1.0,0.0,86.0,1045.25
2022-04-06,41.5,16.0,40.2,2.7,27.4,0.0,0.0,0.0,1.0,0.0,74.0,1041.12
2022-04-07,51.2,23.2,39.0,7.0,27.4,0.0,0.0,0.0,1.0,0.0,58.0,1020.0
2022-04-08,56.4,30.2,38.9,12.0,27.1,0.0,0.0,0.0,1.0,0.0,52.0,1051.5
2022-04-09,41.8,16.4,39.2,15.8,27.1,0.0,1.0,0.0,0.0,0.0,38.0,765.91
2022-04-10,34.7,28.0,77.7,7.5,27.0,0.0,1.0,0.0,0.0,0.0,21.0,765.91
2022-04-11,36.5,29.2,77.2,13.5,26.6,0.04,1.0,0.0,0.0,0.0,11.0,1081.25
2022-04-12,34.3,23.8,68.2,13.2,26.8,0.15,1.0,0.0,0.0,0.0,14.0,1103.75
2022-04-13,34.9,28.4,78.2,6.3,27.0,0.01,1.0,0.0,0.0,0.0,33.0,1113.5
2022-04-14,38.9,31.9,77.0,10.2,26.9,0.03,1.0,0.0,0.0,0.0,41.0,1096.5
2022-04-15,40.9,22.8,52.6,4.5,27.0,0.15,1.0,0.0,0.0,0.0,47.0,1095.75
2022-04-16,44.4,31.3,62.1,16.1,26.9,0.01,0.0,1.0,0.0,0.0,64.0,765.91
2022-04-17,44.3,22.9,47.2,4.4,27.2,0.05,0.0,1.0,0.0,0.0,85.0,765.91
2022-04-18,56.9,24.5,32.2,12.6,26.9,0.0,0.0,1.0,0.0,0.0,101.0,1120.5
2022-04-19,47.2,29.3,54.7,9.7,26.9,0.01,0.0,1.0,0.0,0.0,96.0,1099.0
2022-04-20,51.4,31.4,52.2,11.1,26.9,0.02,0.0,1.0,0.0,0.0,99.0,1088.0
2022-04-21,49.4,37.4,64.6,9.2,26.8,0.0,0.0,1.0,0.0,0.0,114.0,1068.0
2022-04-22,48.0,30.0,56.9,12.3,26.9,0.13,0.0,1.0,0.0,0.0,110.0,1065.5
2022-04-23,48.7,28.5,49.1,12.3,27.2,0.0,0.0,0.0,0.0,1.0,128.0,765.91
2022-04-24,49.2,23.7,43.5,4.3,27.2,0.0,0.0,0.0,0.0,1.0,127.0,1082.5
2022-04-25,59.3,21.0,25.6,15.0,27.1,0.0,0.0,0.0,0.0,1.0,118.0,1082.12
2022-04-26,54.4,37.7,56.9,7.2,27.0,0.0,0.0,0.0,0.0,1.0,132.0,1095.0
2022-04-27,49.7,30.7,53.0,7.0,26.9,0.03,0.0,0.0,0.0,1.0,132.0,1091.25
2022-04-28,45.0,35.8,71.0,11.9,26.9,0.0,0.0,0.0,0.0,1.0,135.0,1085.75
2022-04-29,46.5,27.7,53.7,8.1,27.1,0.01,0.0,0.0,0.0,1.0,107.0,1055.75
2022-04-30,48.7,36.4,64.9,10.7,27.0,0.0,0.0,0.0,1.0,0.0,51.0,765.91
2022-05-01,49.4,40.6,74.7,11.8,26.9,0.39,0.0,0.0,1.0,0.0,36.0,765.91
2022-05-02,49.6,38.0,66.9,15.3,26.8,0.0,0.0,0.0,1.0,0.0,31.0,1054.38
2022-05-03,47.9,38.8,73.8,15.9,27.0,0.57,0.0,0.0,1.0,0.0,78.0,1047.0
2022-05-04,55.7,35.2,51.4,3.8,27.1,0.02,0.0,0.0,1.0,0.0,78.0,1076.5
2022-05-05,62.7,39.1,43.6,13.3,26.9,0.0,0.0,0.0,1.0,0.0,77.0,1106.5
2022-05-06,61.6,39.5,48.9,8.4,26.8,0.0,0.0,0.0,1.0,0.0,77.0,1108.5
2022-05-07,48.3,37.1,67.3,11.0,26.9,0.08,0.0,0.0,1.0,0.0,64.0,765.91
2022-05-08,43.0,30.6,64.7,5.7,26.7,0.2,1.0,0.0,0.0,0.0,78.0,765.91
2022-05-09,37.1,32.6,84.3,8.9,26.8,0.19,1.0,0.0,0.0,0.0,72.0,1092.75
2022-05-10,42.8,27.6,60.8,5.5,27.1,0.1,1.0,0.0,0.0,0.0,57.0,1083.25
2022-05-11,47.1,31.3,57.5,8.0,27.1,0.0,1.0,0.0,0.0,0.0,80.0,1108.75
2022-05-12,50.9,31.8,52.6,6.8,27.1,0.0,1.0,0.0,0.0,0.0,110.0,1174.5
2022-05-13,53.0,37.3,59.5,5.2,27.1,0.21,1.0,0.0,0.0,0.0,124.0,1167.25
2022-05-14,58.7,42.4,56.0,6.0,27.1,0.0,1.0,0.0,0.0,0.0,133.0,765.91
2022-05-15,68.1,44.0,46.5,9.7,27.0,0.01,0.0,1.0,0.0,0.0,145.0,765.91
2022-05-16,66.8,46.3,51.1,8.1,26.9,0.0,0.0,1.0,0.0,0.0,149.0,1247.5
2022-05-17,60.6,36.3,44.8,8.6,27.1,0.0,0.0,1.0,0.0,0.0,146.0,1277.5
2022-05-18,62.7,34.6,37.5,5.8,27.1,0.0,0.0,1.0,0.0,0.0,131.0,1230.75
2022-05-19,51.6,26.3,39.6,18.4,27.0,0.0,0.0,1.0,0.0,0.0,144.0,1200.5
2022-05-20,51.4,27.9,44.0,8.1,27.0,0.0,0.0,1.0,0.0,0.0,130.0,1168.75
2022-05-21,55.1,29.0,39.9,7.5,27.1,0.0,0.0,1.0,0.0,0.0,151.0,765.91
2022-05-22,55.3,31.0,44.7,7.9,27.1,0.0,0.0,0.0,0.0,1.0,161.0,765.91
2022-05-23,58.8,29.7,35.6,6.8,27.1,0.0,0.0,0.0,0.0,1.0,142.0,1190.0
2022-05-24,59.6,32.2,39.5,6.9,27.0,0.0,0.0,0.0,0.0,1.0,134.0,1154.75
2022-05-25,68.0,34.0,30.7,5.3,27.0,0.0,0.0,0.0,0.0,1.0,106.0,1148.25
2022-05-26,72.2,40.5,34.4,5.2,26.9,0.0,0.0,0.0,0.0,1.0,81.0,1143.25
2022-05-27,65.8,47.4,55.2,5.3,26.9,0.0,0.0,0.0,0.0,1.0,60.0,1157.5
2022-05-28,56.3,44.4,68.4,8.2,26.8,0.06,0.0,0.0,0.0,1.0,44.0,765.91
2022-05-29,48.9,42.4,78.6,14.2,26.8,0.28,0.0,0.0,0.0,1.0,45.0,765.91
2022-05-30,45.4,40.9,84.3,12.3,26.9,0.22,0.0,0.0,1.0,0.0,59.0,1155.38
2022-05-31,53.2,43.3,71.8,2.3,27.1,0.16,0.0,0.0,1.0,0.0,69.0,1087.5
2022-06-01,62.6,41.9,52.8,6.9,27.1,0.0,0.0,0.0,1.0,0.0,63.0,1041.25
2022-06-02,78.7,38.5,24.8,9.0,26.8,0.0,0.0,0.0,1.0,0.0,59.0,1058.25
2022-06-03,70.9,47.4,46.2,5.4,26.8,0.0,0.0,0.0,1.0,0.0,55.0,1040.0
2022-06-04,62.5,48.8,61.6,7.0,26.9,0.0,0.0,0.0,1.0,0.0,66.0,765.91
2022-06-05,62.7,50.6,65.4,9.9,26.9,0.07,0.0,0.0,1.0,0.0,48.0,765.91
2022-06-06,59.0,45.7,65.7,5.0,27.0,0.13,0.0,0.0,1.0,0.0,32.0,1093.0
2022-06-07,63.1,39.2,48.7,4.0,27.1,0.0,1.0,0.0,0.0,0.0,8.0,1071.75
2022-06-08,64.4,46.8,54.3,5.7,27.0,0.0,1.0,0.0,0.0,0.0,4.0,1074.75
2022-06-09,70.1,48.0,50.4,4.5,27.0,0.01,1.0,0.0,0.0,0.0,22.0,1071.25
2022-06-10,76.4,49.1,41.6,7.2,27.0,0.0,1.0,0.0,0.0,0.0,47.0,1070.75
2022-06-11,74.5,52.5,48.7,6.8,26.9,0.0,1.0,0.0,0.0,0.0,39.0,765.91
2022-06-12,58.5,53.7,84.7,6.9,26.8,0.0,1.0,0.0,0.0,0.0,54.0,765.91
2022-06-13,51.8,35.3,55.5,9.9,27.0,0.79,1.0,0.0,0.0,0.0,94.0,1071.0
2022-06-14,51.1,32.3,48.5,8.8,27.1,0.0,0.0,1.0,0.0,0.0,122.0,1050.25
2022-06-15,60.5,31.1,40.3,7.3,27.1,0.0,0.0,1.0,0.0,0.0,148.0,1050.0
2022-06-16,72.0,36.1,29.9,10.4,26.8,0.0,0.0,1.0,0.0,0.0,151.0,1078.25
2022-06-17,66.6,42.5,44.6,10.1,26.7,0.0,0.0,1.0,0.0,0.0,151.0,1034.25
2022-06-18,64.1,38.8,41.8,10.2,26.8,0.0,0.0,1.0,0.0,0.0,148.0,765.91
2022-06-19,59.0,36.9,46.7,13.1,27.0,0.0,0.0,1.0,0.0,0.0,119.0,765.91
2022-06-20,61.0,39.2,47.8,8.0,27.2,0.0,0.0,0.0,0.0,1.0,97.0,765.91
2022-06-21,68.3,39.5,38.5,5.4,27.2,0.0,0.0,0.0,0.0,1.0,96.0,975.25
2022-06-22,74.7,38.4,31.9,6.4,27.1,0.0,0.0,0.0,0.0,1.0,89.0,976.5
2022-06-23,74.8,37.7,28.9,9.6,26.9,0.0,0.0,0.0,0.0,1.0,71.0,937.25
2022-06-24,68.6,33.5,30.3,9.1,27.1,0.0,0.0,0.0,0.0,1.0,61.0,923.75
2022-06-25,70.5,36.3,33.1,5.5,27.2,0.0,0.0,0.0,0.0,1.0,48.0,765.91
2022-06-26,77.4,35.1,26.8,5.9,27.2,0.0,0.0,0.0,0.0,1.0,33.0,765.91
2022-06-27,85.0,36.1,21.5,8.6,27.1,0.0,0.0,0.0,0.0,1.0,52.0,917.5
2022-06-28,83.9,35.3,21.5,8.9,27.0,0.0,0.0,0.0,1.0,0.0,61.0,936.0
2022-06-29,73.5,32.9,26.0,10.2,27.1,0.0,0.0,0.0,1.0,0.0,36.0,930.0
2022-06-30,76.0,32.4,23.3,5.5,27.0,0.0,0.0,0.0,1.0,0.0,42.0,884.0
2022-07-01,88.8,43.6,22.3,6.8,26.9,0.0,0.0,0.0,1.0,0.0,58.0,846.0
2022-07-02,81.2,54.3,40.0,8.5,27.0,0.0,0.0,0.0,1.0,0.0,64.0,765.91
2022-07-03,75.7,45.0,32.9,5.7,27.0,0.01,0.0,0.0,1.0,0.0,55.0,765.91
2022-07-04,87.0,42.3,23.0,6.2,26.9,0.0,0.0,0.0,1.0,0.0,59.0,765.91
2022-07-05,79.3,42.8,29.3,7.6,26.9,0.0,0.0,0.0,1.0,0.0,78.0,807.0
2022-07-06,78.0,38.6,30.8,7.7,27.0,0.0,1.0,0.0,0.0,0.0,82.0,804.5
2022-07-07,78.5,31.8,20.5,6.8,27.1,0.0,1.0,0.0,0.0,0.0,95.0,836.5
2022-07-08,85.7,32.3,16.7,5.6,27.0,0.0,1.0,0.0,0.0,0.0,87.0,891.5
2022-07-09,85.3,43.8,25.1,9.4,27.0,0.0,1.0,0.0,0.0,0.0,93.0,765.91
2022-07-10,78.9,59.3,54.3,5.0,27.1,0.0,1.0,0.0,0.0,0.0,106.0,765.91
2022-07-11,83.7,54.6,39.2,5.9,27.1,0.04,1.0,0.0,0.0,0.0,125.0,843.75
2022-07-12,84.8,55.3,37.8,6.1,27.0,0.0,1.0,0.0,0.0,0.0,114.0,801.5
2022-07-13,81.3,43.3,30.5,7.3,27.0,0.0,0.0,1.0,0.0,0.0,117.0,798.25
2022-07-14,77.5,41.3,30.8,5.2,27.0,0.0,0.0,1.0,0.0,0.0,123.0,794.25
2022-07-15,79.7,38.5,25.3,5.0,27.0,0.0,0.0,1.0,0.0,0.0,134.0,776.75
2022-07-16,83.4,37.5,21.4,5.4,27.0,0.0,0.0,1.0,0.0,0.0,152.0,765.91
2022-07-17,85.4,37.5,20.0,4.8,27.0,0.0,0.0,1.0,0.0,0.0,140.0,765.91
2022-07-18,86.0,38.4,19.5,7.0,27.0,0.0,0.0,1.0,0.0,0.0,126.0,812.75
2022-07-19,82.9,51.7,35.6,7.1,26.9,0.0,0.0,1.0,0.0,0.0,110.0,812.25
2022-07-20,82.3,51.8,37.3,7.0,26.9,0.04,0.0,0.0,0.0,1.0,133.0,819.5
2022-07-21,85.4,45.1,28.7,4.9,27.0,0.0,0.0,0.0,0.0,1.0,109.0,806.25
2022-07-22,84.4,42.2,23.4,8.3,27.0,0.0,0.0,0.0,0.0,1.0,99.0,759.0
2022-07-23,81.7,44.0,28.2,5.7,26.9,0.0,0.0,0.0,0.0,1.0,97.0,765.91
2022-07-24,84.3,38.6,23.2,6.0,26.9,0.0,0.0,0.0,0.0,1.0,79.0,765.91
2022-07-25,82.0,43.9,27.6,7.6,27.0,0.0,0.0,0.0,0.0,1.0,86.0,770.0
2022-07-26,80.5,43.3,29.8,4.0,26.9,0.0,0.0,0.0,0.0,1.0,91.0,803.75
2022-07-27,74.5,42.8,33.5,7.8,26.9,0.0,0.0,0.0,0.0,1.0,58.0,790.25
2022-07-28,69.5,31.9,27.2,6.0,26.9,0.0,0.0,0.0,1.0,0.0,42.0,817.0
2022-07-29,76.6,35.3,24.6,4.6,27.0,0.0,0.0,0.0,1.0,0.0,43.0,807.75
2022-07-30,81.2,38.5,23.8,6.0,27.1,0.0,0.0,0.0,1.0,0.0,43.0,765.91
2022-07-31,87.3,37.2,18.7,6.8,27.0,0.0,0.0,0.0,1.0,0.0,34.0,765.91
2022-08-01,88.8,43.6,22.3,6.8,26.9,0.0,0.0,0.0,1.0,0.0,26.0,800.25
2022-08-02,81.2,54.3,40.0,8.5,27.0,0.0,0.0,0.0,1.0,0.0,34.0,774.75
2022-08-03,75.7,45.0,32.9,5.7,27.0,0.01,0.0,0.0,1.0,0.0,37.0,763.75
2022-08-04,87.0,42.3,23.0,6.2,26.9,0.0,0.0,0.0,1.0,0.0,42.0,782.5
2022-08-05,79.3,42.8,29.3,7.6,26.9,0.0,1.0,0.0,0.0,0.0,71.0,775.75
2022-08-06,78.0,38.6,30.8,7.7,27.0,0.0,1.0,0.0,0.0,0.0,72.0,765.91
2022-08-07,78.5,31.8,20.5,6.8,27.1,0.0,1.0,0.0,0.0,0.0,86.0,765.91
2022-08-08,85.7,32.3,16.7,5.6,27.0,0.0,1.0,0.0,0.0,0.0,80.0,779.75
2022-08-09,85.3,43.8,25.1,9.4,27.0,0.0,1.0,0.0,0.0,0.0,62.0,781.5
2022-08-10,78.9,59.3,54.3,5.0,27.1,0.0,1.0,0.0,0.0,0.0,65.0,799.75
2022-08-11,83.7,54.6,39.2,5.9,27.1,0.04,0.0,1.0,0.0,0.0,72.0,810.75
2022-08-12,84.8,55.3,37.8,6.1,27.0,0.0,0.0,1.0,0.0,0.0,103.0,806.0
2022-08-13,81.3,43.3,30.5,7.3,27.0,0.0,0.0,1.0,0.0,0.0,111.0,765.91
2022-08-14,77.5,41.3,30.8,5.2,27.0,0.0,0.0,1.0,0.0,0.0,111.0,765.91
2022-08-15,79.7,38.5,25.3,5.0,27.0,0.0,0.0,1.0,0.0,0.0,111.0,800.75
2022-08-16,83.4,37.5,21.4,5.4,27.0,0.0,0.0,1.0,0.0,0.0,123.0,786.0
2022-08-17,85.4,37.5,20.0,4.8,27.0,0.0,0.0,1.0,0.0,0.0,108.0,763.25
2022-08-18,86.0,38.4,19.5,7.0,27.0,0.0,0.0,0.0,0.0,1.0,89.0,731.5
2022-08-19,82.9,51.7,35.6,7.1,26.9,0.0,0.0,0.0,0.0,1.0,85.0,753.25
2022-08-20,82.3,51.8,37.3,7.0,26.9,0.04,0.0,0.0,0.0,1.0,74.0,765.91
2022-08-21,85.4,45.1,28.7,4.9,27.0,0.0,0.0,0.0,0.0,1.0,58.0,765.91
2022-08-22,84.4,42.2,23.4,8.3,27.0,0.0,0.0,0.0,0.0,1.0,75.0,770.5
2022-08-23,81.7,44.0,28.2,5.7,26.9,0.0,0.0,0.0,0.0,1.0,51.0,782.75
2022-08-24,84.3,38.6,23.2,6.0,26.9,0.0,0.0,0.0,0.0,1.0,60.0,795.0
2022-08-25,82.0,43.9,27.6,7.6,27.0,0.0,0.0,0.0,0.0,1.0,93.0,769.75
2022-08-26,80.5,43.3,29.8,4.0,26.9,0.0,0.0,0.0,0.0,1.0,95.0,784.75
2022-08-27,74.5,42.8,33.5,7.8,26.9,0.0,0.0,0.0,1.0,0.0,94.0,765.91
2022-08-28,69.5,31.9,27.2,6.0,26.9,0.0,0.0,0.0,1.0,0.0,85.0,765.91
2022-08-29,76.6,35.3,24.6,4.6,27.0,0.0,0.0,0.0,1.0,0.0,71.0,842.75
2022-08-30,81.2,38.5,23.8,6.0,27.1,0.0,0.0,0.0,1.0,0.0,49.0,820.25
2022-08-31,87.3,37.2,18.7,6.8,27.0,0.0,0.0,0.0,1.0,0.0,44.0,831.5
2022-09-01,80.7,36.3,25.1,5.8,27.0,0.0,0.0,0.0,1.0,0.0,43.4,797.75
2022-09-02,81.6,22.0,13.8,6.0,27.0,0.0,0.0,0.0,1.0,0.0,43.4,811.0
2022-09-03,84.3,29.5,14.9,7.8,27.0,0.0,1.0,0.0,0.0,0.0,43.4,765.91
2022-09-04,79.3,37.0,25.3,5.3,27.0,0.0,1.0,0.0,0.0,0.0,43.4,808.0
2022-09-05,78.0,34.1,21.6,6.0,27.0,0.0,1.0,0.0,0.0,0.0,43.4,812.25
2022-09-06,81.2,37.3,21.8,5.5,27.0,0.0,1.0,0.0,0.0,0.0,43.4,817.0
2022-09-07,85.7,39.1,21.4,8.6,27.0,0.0,1.0,0.0,0.0,0.0,43.4,844.25
2022-09-08,73.8,30.6,26.1,10.6,27.0,0.0,1.0,0.0,0.0,0.0,43.4,829.0
2022-09-09,62.4,25.7,27.4,4.4,27.0,0.0,1.0,0.0,0.0,0.0,43.4,869.5
2022-09-10,66.4,27.1,23.8,7.6,27.1,0.0,0.0,1.0,0.0,0.0,43.4,765.91
2022-09-11,70.3,27.9,22.8,6.6,27.1,0.0,0.0,1.0,0.0,0.0,43.4,765.91
2022-09-12,70.9,30.2,22.8,7.0,27.0,0.0,0.0,1.0,0.0,0.0,43.4,858.75
2022-09-13,69.1,49.5,51.2,7.0,26.9,0.0,0.0,1.0,0.0,0.0,43.4,860.5
2022-09-14,69.2,51.2,55.5,4.8,26.9,0.07,0.0,1.0,0.0,0.0,43.4,872.25
2022-09-15,70.9,49.0,47.5,6.0,26.9,0.0,0.0,1.0,0.0,0.0,43.4,844.3
2022-09-16,65.7,44.7,49.4,4.3,27.0,0.0,0.0,1.0,0.0,0.0,43.4,765.91
2022-09-17,66.8,40.5,41.7,11.8,26.8,0.0,0.0,0.0,0.0,1.0,43.4,765.91
2022-09-18,65.3,43.6,46.8,7.7,26.8,0.0,0.0,0.0,0.0,1.0,43.4,765.91
2022-09-19,66.9,43.6,47.0,6.2,26.9,0.0,0.0,0.0,0.0,1.0,43.4,765.91
2022-09-20,70.3,35.5,30.1,7.9,26.9,0.0,0.0,0.0,0.0,1.0,43.4,765.91
2022-09-21,62.6,41.5,46.8,7.7,26.9,0.0,0.0,0.0,0.0,1.0,43.4,765.91
2022-09-22,61.0,40.3,47.8,4.1,27.1,0.04,0.0,0.0,0.0,1.0,43.4,765.91
2022-09-23,61.9,35.8,41.4,7.0,27.1,0.0,0.0,0.0,0.0,1.0,43.4,765.91
2022-09-24,64.7,31.9,32.0,4.8,27.2,0.0,0.0,0.0,0.0,1.0,43.4,765.91
2022-09-25,67.7,31.8,28.8,5.7,27.2,0.0,0.0,0.0,1.0,0.0,43.4,765.91
2022-09-26,58.4,30.4,34.8,5.8,27.2,0.0,0.0,0.0,1.0,0.0,43.4,765.91
