Date,Price,Open,High,Low,Vol.,Change %
9/15/2022,844.3,873.88,884.5,843.5,,-3.20%
9/14/2022,872.25,862.5,874.75,849.25,,1.37%
9/13/2022,860.5,858,876.25,850.5,,0.20%
9/12/2022,858.75,864.75,878,848.5,,-1.24%
9/9/2022,869.5,829,872.5,826,,4.89%
9/8/2022,829,837,857.25,818,,-1.81%
9/7/2022,844.25,816.75,873.5,809.25,,3.34%
9/6/2022,817,814.75,825,801.25,,0.58%
9/5/2022,812.25,812.25,812.25,812.25,,0.53%
9/4/2022,808,808,808,808,,-0.37%
9/2/2022,811,797.75,819.5,796.25,35.50K,1.66%
9/1/2022,797.75,827,834.9,791.25,,-4.06%
8/31/2022,831.5,820,839.25,806.25,,1.37%
8/30/2022,820.25,840.25,846.25,816.5,,-2.67%
8/29/2022,842.75,806,849,794.25,,7.39%
8/26/2022,784.75,764.5,792.25,764,28.06K,1.95%
8/25/2022,769.75,794.75,803.5,766.5,18.25K,-3.18%
8/24/2022,795,782.25,799.75,775,23.60K,1.56%
8/23/2022,782.75,770,802.5,767.25,26.88K,1.59%
8/22/2022,770.5,754,774,744.5,22.52K,2.29%
8/19/2022,753.25,733,756.75,727.25,18.90K,2.97%
8/18/2022,731.5,764.75,766.5,725.75,38.27K,-4.16%
8/17/2022,763.25,785.25,797,759.5,29.95K,-2.89%
8/16/2022,786,799,810.5,782.5,25.48K,-1.84%
8/15/2022,800.75,802,804.5,778,29.78K,-0.65%
8/12/2022,806,811.25,811.25,782.25,40.65K,-0.59%
8/11/2022,810.75,800,820.75,794.5,63.67K,1.38%
8/10/2022,799.75,781.5,808.5,780.25,68.23K,2.34%
8/9/2022,781.5,785.75,801.25,772.75,59.02K,0.22%
8/8/2022,779.75,776.5,793.75,760.75,64.41K,0.52%
8/5/2022,775.75,782,796.75,769.75,51.60K,-0.86%
8/4/2022,782.5,768,789.5,758.25,46.77K,2.45%
8/3/2022,763.75,774,790.25,752,51.39K,-1.42%
8/2/2022,774.75,795,795.75,772.75,47.23K,-3.19%
8/1/2022,800.25,812.75,820.25,781.25,41.08K,-0.93%
7/29/2022,807.75,817,845.75,801,47.27K,-1.13%
7/28/2022,817,786.25,824.25,786.25,37.42K,3.39%
7/27/2022,790.25,802.5,818.75,782,41.49K,-1.68%
7/26/2022,803.75,773,806,772.25,43.80K,4.38%
7/25/2022,770,787,793.5,760.5,47.49K,1.45%
7/22/2022,759,803.25,807.25,754,66.19K,-5.86%
7/21/2022,806.25,819.5,834,795.5,43.05K,-1.62%
7/20/2022,819.5,810.25,843.5,801,38.89K,0.89%
7/19/2022,812.25,808.5,822.25,792.5,45.98K,-0.06%
7/18/2022,812.75,787.25,825,778.5,42.33K,4.63%
7/15/2022,776.75,798,804.75,765.75,44.62K,-2.20%
7/14/2022,794.25,812.75,829.5,792,0.04K,-0.50%
7/13/2022,798.25,810,819.25,810,0.03K,-0.41%
7/12/2022,801.5,835,839.25,807.25,0.07K,-5.01%
7/11/2022,843.75,888,888,849.25,0.10K,-5.36%
7/8/2022,891.5,838.25,894.75,838.25,,6.58%
7/7/2022,836.5,807.75,846,807.75,,3.98%
7/6/2022,804.5,807,838.5,785.25,,-0.31%
7/5/2022,807,842.25,842.5,804.5,,-4.61%
7/1/2022,846,890,896.25,840.5,54.11K,-4.30%
6/30/2022,884,930,939.5,881,,-4.95%
6/29/2022,930,936,956,929,,-0.64%
6/28/2022,936,923.5,949.75,921,,2.02%
6/27/2022,917.5,933.25,952.25,913.5,,-0.68%
6/24/2022,923.75,936.25,962.5,921.75,,-1.44%
6/23/2022,937.25,973.25,974.5,934.5,,-4.02%
6/22/2022,976.5,977.25,"1,007.25",960,,0.13%
6/21/2022,975.25,"1,032.00","1,033.25",973.5,,-5.70%
6/17/2022,"1,034.25","1,078.25","1,083.75","1,030.25",42.37K,-4.08%
6/16/2022,"1,078.25","1,050.25","1,084.75","1,047.00",,2.69%
6/15/2022,"1,050.00","1,055.00","1,058.75","1,036.50",,-0.02%
6/14/2022,"1,050.25","1,071.00","1,072.75","1,046.50",,-1.94%
6/13/2022,"1,071.00","1,073.00","1,093.50","1,053.50",,0.02%
6/10/2022,"1,070.75","1,074.50","1,081.25","1,053.00",,-0.05%
6/9/2022,"1,071.25","1,076.25","1,082.00","1,044.25",,-0.33%
6/8/2022,"1,074.75","1,073.00","1,089.00","1,061.75",68.01K,0.28%
6/7/2022,"1,071.75","1,093.00","1,101.00","1,058.50",,-1.94%
6/6/2022,"1,093.00","1,060.00","1,108.75","1,060.00",60.71K,5.10%
6/3/2022,"1,040.00","1,061.50","1,069.25","1,036.25",,-1.72%
6/2/2022,"1,058.25","1,043.25","1,075.00","1,037.25",,1.63%
6/1/2022,"1,041.25","1,091.00","1,098.00","1,027.25",,-4.25%
5/31/2022,"1,087.50","1,157.00","1,157.25","1,087.50",68.16K,-5.88%
5/30/2022,"1,155.38","1,157.50","1,157.50","1,155.38",,-0.18%
5/27/2022,"1,157.50","1,143.25","1,170.25","1,133.50",25.54K,1.25%
5/26/2022,"1,143.25","1,133.00","1,160.25","1,115.00",38.51K,-0.44%
5/25/2022,"1,148.25","1,154.50","1,158.50","1,114.50",,-0.56%
5/24/2022,"1,154.75","1,196.00","1,208.75","1,138.00",,-2.96%
5/23/2022,"1,190.00","1,181.75","1,196.75","1,174.75",,1.82%
5/20/2022,"1,168.75","1,208.00","1,208.00","1,168.00",,-2.64%
5/19/2022,"1,200.50","1,222.00","1,247.75","1,193.50",54.78K,-2.46%
5/18/2022,"1,230.75","1,278.50","1,280.00","1,211.50",,-3.66%
5/17/2022,"1,277.50","1,268.00","1,284.00","1,200.75",,2.40%
5/16/2022,"1,247.50","1,234.25","1,247.50","1,222.25",,6.88%
5/13/2022,"1,167.25","1,172.75","1,198.50","1,158.50",0.00K,-0.62%
5/12/2022,"1,174.50","1,107.75","1,128.75","1,103.25",0.16K,5.93%
5/11/2022,"1,108.75","1,109.25","1,115.00","1,100.00",0.05K,2.35%
5/10/2022,"1,083.25","1,096.75","1,098.50","1,092.00",0.04K,-0.87%
5/9/2022,"1,092.75","1,120.75","1,135.00","1,090.00",37.35K,-1.42%
5/6/2022,"1,108.50","1,102.00","1,127.50","1,087.75",39.58K,0.18%
5/5/2022,"1,106.50","1,079.00","1,121.75","1,077.25",47.81K,2.79%
5/4/2022,"1,076.50","1,047.00","1,089.00","1,042.25",44.20K,2.82%
5/3/2022,"1,047.00","1,053.62","1,068.80","1,044.25",,-0.70%
5/2/2022,"1,054.38","1,045.25","1,071.38","1,034.25",,-0.13%
4/29/2022,"1,055.75","1,085.00","1,102.50","1,054.25",,-2.76%
4/28/2022,"1,085.75","1,088.00","1,106.50","1,081.00",,-0.50%
4/27/2022,"1,091.25","1,092.50","1,097.50","1,078.25",,-0.34%
4/26/2022,"1,095.00","1,081.00","1,107.00","1,077.00",,1.19%
4/25/2022,"1,082.12","1,087.50","1,089.30","1,056.12",,-0.04%
4/24/2022,"1,082.50","1,073.25","1,084.25","1,073.25",,1.60%
4/22/2022,"1,065.50","1,070.00","1,076.00","1,052.50",,-0.23%
4/21/2022,"1,068.00","1,094.25","1,094.25","1,052.50",,-1.84%
4/20/2022,"1,088.00","1,094.75","1,109.75","1,066.75",,-1.00%
4/19/2022,"1,099.00","1,123.25","1,135.00","1,096.00",,-1.92%
4/18/2022,"1,120.50","1,099.25","1,134.75","1,098.25",,2.26%
4/15/2022,"1,095.75","1,095.75","1,095.75","1,095.75",,-0.07%
4/14/2022,"1,096.50","1,113.00","1,127.50","1,094.25",20.65K,-1.53%
4/13/2022,"1,113.50","1,102.50","1,124.25","1,078.00",,0.88%
4/12/2022,"1,103.75","1,077.75","1,117.50","1,075.00",,2.08%
4/11/2022,"1,081.25","1,056.00","1,091.75","1,055.00",,2.83%
4/8/2022,"1,051.50","1,020.00","1,054.25","1,017.00",,3.09%
4/7/2022,"1,020.00","1,040.25","1,044.50","1,017.75",,-2.03%
4/6/2022,"1,041.12","1,049.40","1,056.40","1,024.25",,-0.40%
4/5/2022,"1,045.25","1,020.50","1,074.00","1,020.00",,3.46%
4/4/2022,"1,010.25",989.5,"1,014.50",984.75,,2.62%
4/1/2022,984.5,"1,007.25","1,032.75",982.5,,-2.14%
3/31/2022,"1,006.00","1,030.25","1,075.00","1,003.50",,-2.07%
3/30/2022,"1,027.25","1,015.00","1,041.75","1,002.25",,1.28%
3/29/2022,"1,014.25","1,047.00","1,068.25",972,,-4.04%
3/28/2022,"1,057.00","1,092.75","1,096.00","1,047.00",,-4.11%
3/25/2022,"1,102.25","1,089.50","1,109.00","1,064.75",,1.52%
3/24/2022,"1,085.75","1,105.75","1,115.00","1,080.50",,-1.81%
3/23/2022,"1,105.75","1,119.25","1,139.00","1,101.00",,-1.12%
3/22/2022,"1,118.25","1,119.25","1,169.25","1,102.25",,-0.09%
3/21/2022,"1,119.25","1,075.00","1,148.75","1,061.75",,5.22%
3/18/2022,"1,063.75","1,095.00","1,106.00","1,055.75",,-3.12%
3/17/2022,"1,098.00","1,051.00","1,108.25","1,031.75",,2.69%
3/16/2022,"1,069.25","1,157.25","1,159.50","1,069.25",,-7.36%
3/15/2022,"1,154.25","1,106.00","1,160.75","1,088.25",,4.96%
3/14/2022,"1,099.75","1,123.50","1,147.30","1,064.25",,-2.39%
3/13/2022,"1,126.62","1,127.38","1,127.38","1,126.62",,3.36%
3/11/2022,"1,090.00","1,035.75","1,044.75","1,030.75",,1.51%
3/10/2022,"1,073.75","1,142.50","1,220.62","1,080.10",0.01K,-10.48%
3/9/2022,"1,199.50","1,284.38","1,284.38","1,200.75",0.01K,-5.77%
3/8/2022,"1,273.00","1,319.25","1,319.25","1,275.50",0.03K,-10.68%
3/7/2022,"1,425.25","1,311.25","1,311.25","1,311.25",0.08K,5.73%
3/4/2022,"1,348.00","1,340.00","1,340.00","1,201.50",0.15K,4.58%
3/3/2022,"1,289.00","1,124.25","1,221.00","1,119.00",,21.78%
3/2/2022,"1,058.50","1,009.25","1,132.00",997.5,,5.67%
3/1/2022,"1,001.75",951,"1,004.50",951,,7.95%
2/28/2022,928,920.25,930.5,885.5,,10.08%
2/25/2022,843,923.25,951.25,841.5,,-8.96%
2/24/2022,926,882.75,926,877.25,,5.71%
2/23/2022,876,841,880,834,,3.76%
2/22/2022,844.25,815,846.25,803,,5.93%
2/18/2022,797,797.5,812.25,790,43.50K,-0.13%
2/17/2022,798,780,799.25,775.5,,2.24%
2/16/2022,780.5,779.75,786.75,773.25,,0.10%
2/15/2022,779.75,801.25,801.75,773,,-2.44%
2/14/2022,799.25,801.5,813.5,780.75,,0.19%
2/11/2022,797.75,770.25,806.25,764.75,,3.40%
2/10/2022,771.5,785.5,801.75,765.75,,-1.72%
2/9/2022,785,779.5,788.25,770.5,,0.80%
2/8/2022,778.75,771.25,782,754,99.52K,1.30%
2/7/2022,768.75,776,776.5,760,,0.72%
2/4/2022,763.25,754.75,767.25,748.25,,1.53%
2/3/2022,751.75,754,756.5,740,,-0.43%
2/2/2022,755,770,778.5,749.25,,-1.82%
2/1/2022,769,762.5,776.75,760.5,,1.02%
1/31/2022,761.25,793,798.5,756.75,,-3.18%
1/28/2022,786.25,777.25,793.5,774.75,,1.19%
1/27/2022,777,794.25,795.5,774,,-2.26%
1/26/2022,795,817.25,817.5,787,,-2.81%
1/25/2022,818,801,831.5,800.5,,2.19%
1/24/2022,800.5,794,802.5,775.75,,2.63%
1/21/2022,780,788,791,778,,-1.30%
1/20/2022,790.25,794,802.75,783.75,,-0.78%
1/19/2022,796.5,772,797.25,769.5,,3.58%
1/18/2022,769,742.25,771.5,741.25,,3.71%
1/14/2022,741.5,746,747.25,737,44.59K,-0.70%
1/13/2022,746.75,757,757.75,741,,-1.45%
1/12/2022,757.75,768,770,753.5,51.64K,-1.62%
1/11/2022,770.25,761.75,770.5,758.25,,1.08%
1/10/2022,762,760.75,767.5,748,,0.46%
1/7/2022,758.5,748,760.75,735.5,,1.68%
1/6/2022,746,761.75,762,736,,-1.94%
1/5/2022,760.75,771,771.5,756,,-1.20%
1/4/2022,770,758,771.5,756.25,,1.58%
1/3/2022,758,774,782.25,752.75,,-1.65%
12/31/2021,770.75,782.5,787.75,769.5,,-1.15%
12/30/2021,779.75,789.5,791.75,776,,-1.02%
12/29/2021,787.75,785.25,793,774,,0.54%
12/28/2021,783.5,805.75,808,781.75,,-2.55%
12/27/2021,804,817.5,824,802.5,,-1.45%
12/24/2021,815.8,815.25,815.8,815.25,,0.13%
12/23/2021,814.75,812.5,820.5,808.25,36.62K,0.09%
12/22/2021,814,796.75,817,792,,1.88%
12/21/2021,799,778.5,799.75,772.5,,2.73%
12/20/2021,777.75,777.5,778.75,757.75,,0.35%
12/17/2021,775,770,780.25,765.25,,0.58%
12/16/2021,770.5,757.5,773,751.25,,1.92%
12/15/2021,756,787,787,751,,-3.85%
12/14/2021,786.25,788.75,792,778,,0.10%
12/13/2021,785.5,779.25,791,779.25,,0.45%
12/10/2021,782,769.25,783.25,769,0.03K,1.10%
12/9/2021,773.5,793.5,793.5,777,,-2.24%
12/8/2021,791.25,799.25,800,787.75,,-1.00%
12/7/2021,799.25,811,812,796,,0.28%
12/6/2021,797,799.75,799.75,784.5,,0.31%
12/3/2021,794.5,809.5,814.75,799,0.10K,-1.49%
12/2/2021,806.5,779.5,809.25,779.5,,3.60%
12/1/2021,778.5,784,785.5,774.75,0.48K,0.61%
11/30/2021,773.75,808.25,808.25,770.5,,-4.18%
11/29/2021,807.5,837.75,840.5,805,,-2.18%
11/26/2021,825.5,821.25,830.5,810,,-1.34%
11/24/2021,836.75,856.5,863.25,833.5,46.27K,-2.25%
11/23/2021,856,846.5,856.5,838.25,,1.21%
11/22/2021,845.75,827.5,848.5,826,,2.76%
11/19/2021,823,821,830.75,813.5,,0.00%
11/18/2021,823,823.5,843.12,819.1,,0.09%
11/17/2021,822.25,812,835,810.5,,1.48%
11/16/2021,810.25,827.5,827.5,810,,-1.94%
11/15/2021,826.25,819.75,829.5,813.25,,1.13%
11/12/2021,817,814.25,826.75,805.5,,0.55%
11/11/2021,812.5,803,824.75,798.25,,1.18%
11/10/2021,803,783,803.75,778,,3.15%
11/9/2021,778.5,769.25,783.25,764.5,,1.37%
11/8/2021,768,768.25,773,762.5,,0.20%
11/5/2021,766.5,774.75,781.5,765.5,83.64K,-0.94%
11/4/2021,773.75,782,794.25,772.25,51.27K,-0.93%
11/3/2021,781,790.5,796.75,777.5,53.18K,-1.33%
11/2/2021,791.5,798.5,807,789.75,65.89K,-0.72%
11/1/2021,797.25,774.5,800.5,768.25,73.03K,3.17%
10/29/2021,772.75,773.25,780,763.5,48.73K,0.03%
10/28/2021,772.5,760,780,751.5,57.33K,1.68%
10/27/2021,759.75,750.5,762.75,745,49.84K,1.00%
10/26/2021,752.25,763,765,747.5,53.54K,-0.95%
10/25/2021,759.5,759.75,767,753.25,42.58K,0.46%
10/22/2021,756,743.75,759.5,743.5,52.33K,1.99%
10/21/2021,741.25,749.75,752.5,738.25,33.63K,-1.07%
10/20/2021,749.25,737,750,736.5,35.08K,1.80%
10/19/2021,736,736,745.25,735.25,37.74K,-0.03%
10/18/2021,736.25,734,738.75,728.5,31.46K,0.31%
10/15/2021,734,725,740.5,722.25,40.53K,1.28%
10/14/2021,724.75,718.75,729.5,718.5,39.59K,0.83%
10/13/2021,718.75,736,737.75,712.75,57.90K,-2.08%
10/12/2021,734,731.75,743.75,718,57.86K,0.31%
10/11/2021,731.75,734,739.5,731,32.21K,-0.31%
10/8/2021,734,739.25,746.5,731.75,47.84K,-0.98%
10/7/2021,741.25,746,752.5,739.5,42.61K,-0.64%
10/6/2021,746,744.75,756.75,742.25,44.64K,0.17%
10/5/2021,744.75,756.25,757,743.75,49.15K,-1.55%
10/4/2021,756.5,752.25,763.5,748.5,54.75K,0.17%
10/1/2021,755.25,725,758.5,722.75,85.70K,4.10%
9/30/2021,725.5,711.25,732.75,701.25,71.33K,2.15%
9/29/2021,710.25,709.25,717.75,708.25,38.93K,0.53%
9/28/2021,706.5,722,726.75,706,54.40K,-2.18%
9/27/2021,722.25,723.5,728.5,720.25,32.06K,-0.21%
9/24/2021,723.75,718.5,725.75,711.5,47.32K,0.84%
9/23/2021,717.75,708.5,719.5,704,46.80K,1.70%
9/22/2021,705.75,689.5,706.75,688,37.48K,2.25%
9/21/2021,690.25,700.25,701,686,43.20K,-1.50%
9/20/2021,700.75,708,710.75,695.75,37.45K,-1.13%
9/17/2021,708.75,713.75,716,706.5,33.38K,-0.60%
9/16/2021,713,711.25,716.75,705,40.25K,0.11%
9/15/2021,712.25,700,714.75,695.25,51.08K,3.98%
9/14/2021,685,677.25,677.25,677.25,0.00K,1.56%
9/13/2021,674.5,671.5,671.5,671.5,0.01K,-0.07%
9/10/2021,675,682.5,683.75,673.25,0.07K,-0.95%
9/9/2021,681.5,700,700,683.5,0.11K,-2.40%
9/8/2021,698.25,704.5,704.5,698.25,0.06K,-1.48%
9/7/2021,708.75,718.5,718.5,704.25,0.17K,-2.11%
9/6/2021,724,724,724,724,,1.33%
9/3/2021,714.5,702,715,701,0.43K,1.49%
9/2/2021,704,694,708,694,0.37K,0.43%
9/1/2021,701,708.25,710.25,699.25,0.55K,-0.81%
8/31/2021,706.75,706.5,707.5,690.25,1.67K,-0.28%
8/30/2021,708.75,720.5,728.5,707.5,18.32K,-1.36%
8/27/2021,718.5,725.75,731.25,717.75,24.92K,-0.93%
8/26/2021,725.25,712.5,727,709.25,17.85K,1.97%
8/25/2021,711.25,718,719.75,704.25,21.99K,-0.94%
8/24/2021,718,722.75,723.25,710.75,28.50K,-0.24%
8/23/2021,719.75,712.75,730.75,710.25,21.09K,0.77%
8/20/2021,714.25,727.5,732.75,709.25,37.21K,-1.82%
8/19/2021,727.5,737,737,716,37.06K,-1.32%
8/18/2021,737.25,734.25,740.5,721.75,33.61K,0.37%
8/17/2021,734.5,762.5,763.75,732.25,63.61K,-3.42%
8/16/2021,760.5,762.5,770.25,757.75,62.05K,-0.23%
8/13/2021,762.25,753,774.75,747.5,87.10K,1.16%
8/12/2021,753.5,724,762,723,109.43K,3.65%
8/11/2021,727,726.75,732.25,718.75,98.74K,0.00%
8/10/2021,727,711,730,708.5,85.50K,2.21%
8/9/2021,711.25,719,723.75,708.25,84.30K,-1.08%
8/6/2021,719,712.75,724.75,709.25,85.12K,0.88%
8/5/2021,712.75,714.75,725.5,709.75,62.60K,-0.63%
8/4/2021,717.25,724.25,738.75,714.5,75.46K,-1.00%
8/3/2021,724.5,727.5,734.75,717.75,73.89K,-0.69%
8/2/2021,729.5,704,731.75,704,62.79K,3.66%
7/30/2021,703.75,705,711.5,695,53.64K,-0.21%
7/29/2021,705.25,689.75,706.75,689,45.52K,2.40%
7/28/2021,688.75,675,696.25,673.75,49.23K,2.11%
7/27/2021,674.5,680.25,690,671.75,50.03K,-0.37%
7/26/2021,677,684,684,665.5,43.68K,-1.02%
7/23/2021,684,688,696.75,677.5,42.54K,-1.19%
7/22/2021,692.25,708.25,709,681.75,63.08K,-2.60%
7/21/2021,710.75,701,712,700,52.75K,1.46%
7/20/2021,700.5,698.75,718,698.25,64.01K,0.39%
7/19/2021,697.75,702.75,709.5,694.25,74.22K,0.76%
7/16/2021,692.5,671.75,696.25,670.75,75.89K,3.05%
7/15/2021,672,653.75,673.5,651.25,56.84K,4.19%
7/14/2021,645,635.88,657.5,632.5,0.03K,2.58%
7/13/2021,628.75,636.5,639.5,626,0.06K,-0.98%
7/12/2021,635,610.75,634.75,604.5,0.03K,4.35%
7/9/2021,608.5,608,612.25,606.5,0.10K,-0.61%
7/8/2021,612.25,615,618,611.75,0.10K,-0.41%
7/7/2021,614.75,626,626,613.75,0.17K,-0.85%
7/6/2021,620,634.75,634.75,611,0.09K,-3.99%
7/2/2021,645.75,661,662,643.75,0.40K,-1.94%
7/1/2021,658.5,667.75,683,663,0.56K,-1.94%
6/30/2021,671.5,640.5,673,627.5,1.83K,4.96%
6/29/2021,639.75,651,657.75,638.25,13.02K,-0.97%
6/28/2021,646,638,655,637,29.18K,1.41%
6/25/2021,637,650.5,656.75,634.5,38.80K,-2.19%
6/24/2021,651.25,660.25,660.75,642,29.17K,-1.51%
6/23/2021,661.25,653.25,668.25,653.25,40.59K,1.57%
6/22/2021,651,666.25,672.75,650.75,35.94K,-1.59%
6/21/2021,661.5,657,673.5,646.5,38.19K,-0.19%
6/18/2021,662.75,639,668.5,639,53.57K,3.72%
6/17/2021,639,663.75,667,637.25,68.26K,-3.58%
6/16/2021,662.75,662,672.75,658.75,61.56K,0.19%
6/15/2021,661.5,674.5,676.25,649,68.47K,-1.93%
6/14/2021,674.5,680.5,680.75,657,67.69K,-0.92%
6/11/2021,680.75,682.25,688,669.5,80.62K,-0.44%
6/10/2021,683.75,684,689.25,672.75,103.90K,0.22%
6/9/2021,682.25,685,686,673.5,91.32K,-0.40%
6/8/2021,685,682.5,699.25,680.25,91.99K,0.74%
6/7/2021,680,694.25,704,678.5,103.02K,-1.13%
6/4/2021,687.75,678.5,690.25,676.25,55.84K,1.70%
6/3/2021,676.25,689.5,699.25,669.25,60.41K,-1.64%
6/2/2021,687.5,692,701.5,681.5,65.96K,-0.87%
6/1/2021,693.5,673.25,702,672,75.70K,2.95%
5/31/2021,673.62,673.62,673.62,673.62,,1.43%
5/30/2021,664.12,664.12,664.12,664.12,,0.09%
5/28/2021,663.5,676,679.75,661.25,56.12K,-1.89%
5/27/2021,676.25,648.25,679.5,648,65.47K,4.28%
5/26/2021,648.5,657,657.75,639.5,59.95K,-1.22%
5/25/2021,656.5,663.25,667.5,646.75,64.77K,-0.87%
5/24/2021,662.25,667,668.75,653.25,57.25K,-1.78%
5/21/2021,674.25,675.5,677.5,665.75,57.46K,-0.15%
5/20/2021,675.25,682.25,688,672.25,55.31K,-0.59%
5/19/2021,679.25,698,699,671.5,77.67K,-2.69%
5/18/2021,698,702.5,718.5,692.5,61.42K,-0.25%
5/17/2021,699.75,704,707.5,692,53.09K,-3.78%
5/14/2021,727.25,730.25,730.25,727.25,0.04K,0.10%
5/13/2021,726.5,750,756.5,737,0.06K,-3.74%
5/12/2021,754.75,763,763,746.5,0.08K,-0.66%
5/11/2021,759.75,742.75,765,742.75,0.06K,2.32%
5/10/2021,742.5,768.5,769,746,0.23K,-4.01%
5/7/2021,773.5,771,771,760.5,0.03K,1.21%
5/6/2021,764.25,761,763.5,745,0.02K,1.12%
5/5/2021,755.75,737.75,754.5,737.5,0.50K,2.54%
5/4/2021,737,731.25,737.5,730,0.30K,1.59%
5/3/2021,725.5,753.25,753.25,726.75,0.41K,-2.29%
4/30/2021,742.5,741,745.5,728.5,0.41K,0.68%
4/29/2021,737.5,722.25,738.75,712.75,9.42K,1.69%
4/28/2021,725.25,734.25,743.75,713.5,12.76K,-1.16%
4/27/2021,733.75,737,773,726.75,16.10K,-0.78%
4/26/2021,739.5,712.75,745.25,712.75,34.38K,4.12%
4/23/2021,710.25,709.75,714.75,701,29.09K,0.00%
4/22/2021,710.25,673.75,713.25,672,45.27K,5.50%
4/21/2021,673.25,662.75,678.75,658.75,30.05K,2.05%
4/20/2021,659.75,651.5,679,650.25,43.16K,1.15%
4/19/2021,652.25,653,660.75,651,28.59K,-0.04%
4/16/2021,652.5,652.5,659.75,648.25,36.53K,-0.19%
4/15/2021,653.75,647.25,657.75,639,61.43K,0.89%
4/14/2021,648,630.75,655.75,630.75,117.77K,2.90%
4/13/2021,629.75,630.25,637.25,628.25,78.36K,0.28%
4/12/2021,628,638,639,623,101.81K,-1.68%
4/9/2021,638.75,628.75,646.5,627.25,113.07K,1.59%
4/8/2021,628.75,618,631.5,616,87.00K,2.03%
4/7/2021,616.25,615,619.75,609.75,73.52K,0.12%
4/6/2021,615.5,622,627.5,613.75,58.04K,-0.40%
4/5/2021,618,607,625,607,52.00K,1.15%
4/1/2021,611,623,625.75,601.25,73.41K,-1.13%
3/31/2021,618,603.25,631.75,593.25,90.27K,2.70%
3/30/2021,601.75,616.25,616.75,600.5,52.67K,-2.43%
3/29/2021,616.75,615.75,617.75,607.25,38.59K,0.57%
3/26/2021,613.25,611,619,608.25,45.62K,0.12%
3/25/2021,612.5,624.75,625.5,609,60.63K,-1.96%
3/24/2021,624.75,635,638.75,624,45.58K,-1.58%
3/23/2021,634.75,628,644.5,621,68.77K,1.20%
3/22/2021,627.25,627.5,630.75,621.25,36.12K,0.04%
3/19/2021,627,629,635.5,621.75,51.67K,-0.56%
3/18/2021,630.5,640,641,629,47.13K,-1.48%
3/17/2021,640,646.25,649.5,639.25,36.15K,-1.08%
3/16/2021,647,645.5,648,631.75,51.10K,0.31%
3/15/2021,645,637.75,647.75,636,40.09K,2.10%
3/12/2021,631.75,642.88,645.6,637.6,0.01K,-0.71%
3/11/2021,636.25,650,650,636.75,0.03K,-2.23%
3/10/2021,650.75,653.25,653.75,643.5,0.13K,-0.88%
3/9/2021,656.5,654.75,655,650.75,0.01K,1.55%
3/8/2021,646.5,659.5,659.5,642.5,0.35K,-1.15%
3/5/2021,654,649.5,657.5,647,0.40K,0.65%
3/4/2021,649.75,653,658,648.75,0.58K,-0.35%
3/3/2021,652,658.25,658.25,645.75,0.18K,-1.70%
3/2/2021,663.25,645.5,663.25,640,0.24K,3.03%
3/1/2021,643.75,661,661,643,0.39K,-1.72%
2/26/2021,655,665,665.75,653,1.45K,-2.49%
2/25/2021,671.75,677.25,680.5,658.75,13.33K,-1.25%
2/24/2021,680.25,665.5,683.5,665,23.40K,2.18%
2/23/2021,665.75,666.5,667.75,656.5,24.55K,0.26%
2/22/2021,664,653.75,665.25,651,26.46K,2.04%
2/19/2021,650.75,665,669,649,51.92K,-1.77%
2/18/2021,662.5,644,665.75,641.5,56.68K,2.87%
2/17/2021,644,660,661.25,638.5,35.18K,-2.05%
2/16/2021,657.5,648,660.25,640.5,50.20K,3.10%
2/15/2021,637.75,637.5,637.75,637.5,,0.08%
2/14/2021,637.25,637.5,637.5,637.25,,0.08%
2/12/2021,636.75,632.5,643,632,64.75K,0.51%
2/11/2021,633.5,636.5,644.75,632,79.70K,-0.31%
2/10/2021,635.5,649.5,650.5,626.75,98.58K,-2.16%
2/9/2021,649.5,657.75,660.5,639.75,124.15K,-0.95%
2/8/2021,655.75,643,657.5,642.5,102.71K,2.26%
2/5/2021,641.25,634.75,647.5,632.25,78.45K,0.59%
2/4/2021,637.5,647.25,650.5,633,66.02K,-1.66%
2/3/2021,648.25,646.25,649.75,625.75,77.13K,0.54%
2/2/2021,644.75,655,656.75,640.5,46.87K,-0.96%
2/1/2021,651,663.5,671,646,55.80K,-1.81%
1/29/2021,663,646.25,664.75,643,60.15K,2.47%
1/28/2021,647,655,664.5,643.5,65.43K,-1.71%
1/27/2021,658.25,663.25,672.75,652.5,54.19K,-1.05%
1/26/2021,665.25,646.75,667.75,641.25,68.36K,2.58%
1/25/2021,648.5,633,651.5,624.25,64.72K,2.21%
1/22/2021,634.5,658.5,659,633,76.81K,-3.97%
1/21/2021,660.75,666.5,674.75,657.75,50.21K,-1.05%
1/20/2021,667.75,675.25,676,656.5,66.03K,-0.67%
1/19/2021,672.25,683.75,691.25,668.75,63.50K,-0.48%
1/15/2021,675.5,671,693,664.5,77.45K,0.82%
1/14/2021,670,660,673.25,653,63.30K,1.44%
1/13/2021,660.5,665,680.75,656.25,80.72K,-0.68%
1/12/2021,665,636.25,670,634,80.42K,4.77%
1/11/2021,634.75,639,651.5,628.75,58.07K,-0.63%
1/8/2021,638.75,644.75,649.5,634,56.14K,-0.54%
1/7/2021,642.25,646.75,648.25,638,47.49K,-0.81%
1/6/2021,647.5,654,660.25,646,60.85K,-0.99%
1/5/2021,654,641.5,664.5,639.5,81.17K,1.87%
1/4/2021,642,643,650.25,634,66.78K,0.04%
1/1/2021,641.75,641.75,641.75,641.75,,0.20%
12/31/2020,640.5,640,644.5,632.5,44.93K,-0.04%
12/30/2020,640.75,620,643.5,614,71.65K,3.60%
12/29/2020,618.5,614.25,623.25,611.5,35.42K,0.69%
12/28/2020,614.25,627,631.5,607,53.53K,-2.05%
12/25/2020,627.1,627.1,627.1,627.1,,0.02%
12/24/2020,627,631,633.75,623.5,35.66K,-0.44%
12/23/2020,629.75,615.25,633.75,610.5,69.51K,2.07%
12/22/2020,617,615.5,619.75,603,55.03K,0.94%
12/21/2020,611.25,610.25,615.25,596.5,48.42K,0.49%
12/18/2020,608.25,611.5,614.75,604.5,42.17K,-0.08%
12/17/2020,608.75,599.75,610,598.5,43.43K,1.71%
12/16/2020,598.5,602.25,607.75,589.75,56.48K,-0.21%
12/15/2020,599.75,597.25,605.75,594.25,51.42K,1.05%
12/14/2020,593.5,615.5,615.5,615.5,0.02K,-2.42%
12/11/2020,608.25,598.12,619.12,590.25,0.01K,3.05%
12/10/2020,590.25,590,592.5,587,0.01K,2.30%
12/9/2020,577,568.5,581,568.5,0.01K,2.35%
12/8/2020,563.75,566.75,574,566.75,0.02K,-1.31%
12/7/2020,571.25,560,575.75,560,0.02K,0.84%
12/4/2020,566.5,563.75,564.75,563.75,0.06K,-0.92%
12/3/2020,571.75,573.5,576,568,0.16K,-1.08%
12/2/2020,578,565.5,578.75,565.5,0.08K,2.21%
12/1/2020,565.5,580.75,580.75,563.5,0.54K,-2.54%
11/30/2020,580.25,599.5,600,579.5,1.05K,-2.72%
11/27/2020,596.5,592.25,600.25,589.25,7.30K,1.47%
11/26/2020,587.88,587.75,587.88,587.62,,-0.06%
11/25/2020,588.25,612.75,616.5,587,23.90K,-3.76%
11/24/2020,611.25,599.5,612.25,594,19.74K,2.09%
11/23/2020,598.75,596,604.75,595.75,22.14K,0.93%
11/20/2020,593.25,590,598.25,590,36.85K,0.25%
11/19/2020,591.75,598.75,600.25,589.75,42.21K,-1.00%
11/18/2020,597.75,595.75,604.25,592.5,61.56K,0.42%
11/17/2020,595.25,598,603.25,592.5,73.20K,-0.46%
11/16/2020,598,593.75,601,586,87.08K,0.76%
11/13/2020,593.5,586.25,596.25,580.25,77.40K,0.89%
11/12/2020,588.25,596.25,598.75,587,91.05K,-1.63%
11/11/2020,598,607,613.5,595.5,107.81K,-1.73%
11/10/2020,608.5,597.25,613,594,134.34K,1.84%
11/9/2020,597.5,602.25,607,595,91.44K,-0.75%
11/6/2020,602,607.75,615.75,601.75,105.36K,-1.19%
11/5/2020,609.25,606.5,626.25,606,97.07K,0.54%
11/4/2020,606,607.75,610.5,597.75,66.08K,-0.33%
11/3/2020,608,607,616.5,604,70.89K,0.08%
11/2/2020,607.5,593.25,609.5,591,75.09K,1.50%
10/30/2020,598.5,602,607.25,595.25,72.81K,-0.87%
10/29/2020,603.75,609.75,611.25,598.5,69.89K,-0.82%
10/28/2020,608.75,614.5,614.5,600.75,72.24K,-1.14%
10/27/2020,615.75,618.75,627,614.75,63.49K,-0.69%
10/26/2020,620,632.75,633,616,66.90K,-2.02%
10/23/2020,632.75,623,635.5,619.5,64.24K,1.61%
10/22/2020,622.75,628.5,632.25,621.25,63.70K,-1.11%
10/21/2020,629.75,634.5,637.5,628.75,61.38K,-0.36%
10/20/2020,632,628.5,638.25,623.5,78.90K,0.80%
10/19/2020,627,631,636.75,620.25,86.96K,0.28%
10/16/2020,625.25,618.5,630.75,615.5,90.62K,1.13%
10/15/2020,618.25,596.75,619.5,596.5,90.30K,3.60%
10/14/2020,596.75,594.75,600.25,587.25,58.37K,0.46%
10/13/2020,594,596.25,604.25,590.75,56.42K,-0.04%
10/12/2020,594.25,592.5,599,587,63.84K,0.08%
10/9/2020,593.75,594,606.75,588.75,88.06K,-0.25%
10/8/2020,595.25,608.75,616.75,593.25,95.30K,-2.02%
10/7/2020,607.5,591.25,611.5,588.5,102.22K,2.49%
10/6/2020,592.75,585,601.75,579.75,83.09K,1.45%
10/5/2020,584.25,574.5,587.75,573,60.42K,1.92%
10/2/2020,573.25,569.25,576.5,561.25,54.24K,0.53%
10/1/2020,570.25,574,584,568.5,76.22K,-1.34%
9/30/2020,578,548.75,587,547,122.16K,5.19%
9/29/2020,549.5,551,553.25,546,45.64K,-0.14%
9/28/2020,550.25,545.25,551.75,537.75,60.68K,1.10%
9/25/2020,544.25,552.25,552.5,543.75,48.64K,-1.00%
9/24/2020,549.75,548,554.25,541,71.79K,0.14%
9/23/2020,549,558.5,560.25,547.25,59.47K,-1.61%
9/22/2020,558,553.5,567,550.25,75.82K,0.59%
9/21/2020,554.75,576.5,578.25,550.5,96.69K,-3.52%
9/18/2020,575,555.75,578,555.5,96.51K,3.37%
9/17/2020,556.25,542,557.25,537.25,76.82K,2.63%
9/16/2020,542,535.5,543,533.25,47.77K,0.70%
9/15/2020,538.25,546,547,533.75,60.56K,-1.87%
9/14/2020,548.5,525,549.25,525,0.26K,2.76%
9/11/2020,533.75,543,543,535.5,0.01K,-1.16%
9/10/2020,540,544.75,548.5,539.5,0.03K,1.12%
9/9/2020,534,533.5,536.5,533.25,0.03K,0.14%
9/8/2020,533.25,536.25,539.5,533.5,0.06K,-1.20%
9/4/2020,539.75,542,544,539,0.09K,-0.64%
9/3/2020,543.25,550.25,550.25,542.5,0.12K,-0.82%
9/2/2020,547.75,554.5,554.5,545,0.19K,-1.44%
9/1/2020,555.75,542.5,559.25,539.25,0.25K,2.11%
,,,,,,
Source:  Investing.com  ,,US Wheat Futures Historical Prices - Investing.com,,,,
